BW	Gprot_pos
3.53	H5.19
3.54	H5.16
3.54	H5.19
3.54	H5.20
3.50	H5.23
ICL2.50	H5.12
ICL2.50	H5.15
3.53	H5.23
ICL2.50	H5.16
2.39	H5.22
ICL2.51	H5.15
ICL2.50	H5.19
ICL2.51	S3.1
ICL2.51	H5.12
2.39	H5.23
6.33	H5.25
3.53	H5.22
6.37	H5.25
8.47	H5.24
6.33	H5.20
3.50	H5.25
6.36	H5.25
ICL2.51	s2s3.2
6.33	H5.26
5.65	H5.20
7.56	H5.24
3.54	H5.23
ICL2.55	hns1.3
ICL2.51	s2s3.1
2.37	H5.22
3.49	H5.23
5.64	H5.16
ICL2.54	hns1.3
5.68	H5.16
2.39	H5.24
ICL2.51	S1.2
5.68	H5.13
ICL2.52	s2s3.2
6.32	H5.26
6.29	H5.26
ICL2.54	hns1.2
4.38	HN.52
3.50	H5.19
ICL2.55	hns1.2
ICL2.53	H5.19
5.65	H5.25
3.53	H5.20
7.53	H5.24
ICL2.51	hns1.3
ICL2.54	H5.15
6.36	H5.24
5.65	H5.26
5.68	H5.17
ICL2.51	H5.11
5.68	H5.20
5.68	H5.26
6.29	H5.20
6.33	H5.24
8.48	H5.24
5.69	H5.26
4.38	hns1.2
5.61	H5.25
ICL2.55	HN.52
6.30	H5.20
ICL2.52	S3.1
6.32	H5.25
5.65	H5.16
ICL2.55	s2s3.2
7.56	H5.25
8.47	H5.22
3.53	H5.16
3.54	H5.25
ICL2.54	S3.1
5.64	H5.20
8.49	H5.22
6.29	H5.17
6.33	H5.23
8.49	H5.24
8.48	H5.21
5.72	h4s6.20
6.32	H5.24
8.50	H5.24
6.25	h4s6.9
7.54	H5.24
ICL2.50	H5.18
8.47	H5.23
ICL2.51	H5.8
6.36	H5.23
6.26	H5.17
4.39	HN.52
ICL2.55	S3.1
2.43	H5.24
8.48	H5.26
6.26	h4s6.20
8.47	H5.26
8.49	H5.21
5.72	H5.13
5.71	H5.13
6.26	h4s6.12
ICL2.53	H5.15
8.47	H5.25
ICL2.54	H5.19
2.38	H5.22
6.25	h4s6.12
6.29	H5.21
ICL2.52	hns1.3
6.29	H5.24
6.36	H5.26
6.25	h4s6.8
ICL2.54	S1.2
5.68	H5.12
6.25	h4s6.20
5.74	H4.3
3.46	H5.23
5.71	H5.9
ICL2.51	s1.2
5.72	H5.9
6.28	h4s6.9
6.39	H5.24
6.39	H5.25
6.40	H5.25
8.47	H5.21
