Protein,Position,CGN,Struct
GNA11,1,HN.1,HN
GNA11,2,HN.2,HN
GNA11,3,HN.3,HN
GNA11,4,HN.4,HN
GNA11,5,HN.5,HN
GNA11,6,HN.6,HN
GNA11,7,HN.7,HN
GNA11,8,HN.8,HN
GNA11,9,HN.9,HN
GNA11,10,HN.10,HN
GNA11,11,HN.11,HN
GNA11,12,HN.30,HN
GNA11,13,HN.31,HN
GNA11,14,HN.32,HN
GNA11,15,HN.33,HN
GNA11,16,HN.34,HN
GNA11,17,HN.35,HN
GNA11,18,HN.36,HN
GNA11,19,HN.37,HN
GNA11,20,HN.38,HN
GNA11,21,HN.39,HN
GNA11,22,HN.40,HN
GNA11,23,HN.41,HN
GNA11,24,HN.42,HN
GNA11,25,HN.43,HN
GNA11,26,HN.44,HN
GNA11,27,HN.45,HN
GNA11,28,HN.46,HN
GNA11,29,HN.47,HN
GNA11,30,HN.48,HN
GNA11,31,HN.49,HN
GNA11,32,HN.50,HN
GNA11,33,HN.51,HN
GNA11,34,HN.52,HN
GNA11,35,HN.53,HN
GNA11,36,hns1.1,hns1
GNA11,37,hns1.2,hns1
GNA11,38,hns1.3,hns1
GNA11,39,S1.1,S1
GNA11,40,S1.2,S1
GNA11,41,S1.3,S1
GNA11,42,S1.4,S1
GNA11,43,S1.5,S1
GNA11,44,S1.6,S1
GNA11,45,S1.7,S1
GNA11,46,s1h1.1,s1h1
GNA11,47,s1h1.2,s1h1
GNA11,48,s1h1.3,s1h1
GNA11,49,s1h1.4,s1h1
GNA11,50,s1h1.5,s1h1
GNA11,51,s1h1.6,s1h1
GNA11,52,H1.1,H1
GNA11,53,H1.2,H1
GNA11,54,H1.3,H1
GNA11,55,H1.4,H1
GNA11,56,H1.5,H1
GNA11,57,H1.6,H1
GNA11,58,H1.7,H1
GNA11,59,H1.8,H1
GNA11,60,H1.9,H1
GNA11,61,H1.10,H1
GNA11,62,H1.11,H1
GNA11,63,H1.12,H1
GNA11,64,h1ha.1,h1ha
GNA11,65,h1ha.2,h1ha
GNA11,66,h1ha.3,h1ha
GNA11,67,h1ha.4,h1ha
GNA11,68,h1ha.5,h1ha
GNA11,69,HA.1,HA
GNA11,70,HA.2,HA
GNA11,71,HA.3,HA
GNA11,72,HA.4,HA
GNA11,73,HA.5,HA
GNA11,74,HA.6,HA
GNA11,75,HA.7,HA
GNA11,76,HA.8,HA
GNA11,77,HA.9,HA
GNA11,78,HA.10,HA
GNA11,79,HA.11,HA
GNA11,80,HA.12,HA
GNA11,81,HA.13,HA
GNA11,82,HA.14,HA
GNA11,83,HA.15,HA
GNA11,84,HA.16,HA
GNA11,85,HA.17,HA
GNA11,86,HA.18,HA
GNA11,87,HA.19,HA
GNA11,88,HA.20,HA
GNA11,89,HA.21,HA
GNA11,90,HA.22,HA
GNA11,91,HA.23,HA
GNA11,92,HA.24,HA
GNA11,93,HA.25,HA
GNA11,94,HA.26,HA
GNA11,95,HA.27,HA
GNA11,96,HA.28,HA
GNA11,97,HA.29,HA
GNA11,98,hahb.1,hahb
GNA11,99,hahb.4,hahb
GNA11,100,hahb.5,hahb
GNA11,101,hahb.6,hahb
GNA11,102,hahb.7,hahb
GNA11,103,hahb.8,hahb
GNA11,104,hahb.9,hahb
GNA11,105,HB.1,HB
GNA11,106,HB.2,HB
GNA11,107,HB.3,HB
GNA11,108,HB.4,HB
GNA11,109,HB.5,HB
GNA11,110,HB.6,HB
GNA11,111,HB.7,HB
GNA11,112,HB.8,HB
GNA11,113,HB.9,HB
GNA11,114,HB.10,HB
GNA11,115,HB.11,HB
GNA11,116,HB.12,HB
GNA11,117,HB.13,HB
GNA11,118,HB.14,HB
GNA11,119,hbhc.1,hbhc
GNA11,120,hbhc.2,hbhc
GNA11,121,hbhc.3,hbhc
GNA11,122,hbhc.4,hbhc
GNA11,123,hbhc.5,hbhc
GNA11,124,hbhc.14,hbhc
GNA11,125,hbhc.15,hbhc
GNA11,126,HC.1,HC
GNA11,127,HC.2,HC
GNA11,128,HC.3,HC
GNA11,129,HC.4,HC
GNA11,130,HC.5,HC
GNA11,131,HC.6,HC
GNA11,132,HC.7,HC
GNA11,133,HC.8,HC
GNA11,134,HC.9,HC
GNA11,135,HC.10,HC
GNA11,136,HC.11,HC
GNA11,137,HC.12,HC
GNA11,138,hchd.1,hchd
GNA11,139,HD.1,HD
GNA11,140,HD.2,HD
GNA11,141,HD.3,HD
GNA11,142,HD.4,HD
GNA11,143,HD.5,HD
GNA11,144,HD.6,HD
GNA11,145,HD.7,HD
GNA11,146,HD.8,HD
GNA11,147,HD.9,HD
GNA11,148,HD.10,HD
GNA11,149,HD.11,HD
GNA11,150,HD.12,HD
GNA11,151,hdhe.1,hdhe
GNA11,152,hdhe.2,hdhe
GNA11,153,hdhe.3,hdhe
GNA11,154,hdhe.4,hdhe
GNA11,155,hdhe.5,hdhe
GNA11,156,HE.1,HE
GNA11,157,HE.2,HE
GNA11,158,HE.3,HE
GNA11,159,HE.4,HE
GNA11,160,HE.5,HE
GNA11,161,HE.6,HE
GNA11,162,HE.7,HE
GNA11,163,HE.8,HE
GNA11,164,HE.9,HE
GNA11,165,HE.10,HE
GNA11,166,HE.11,HE
GNA11,167,HE.12,HE
GNA11,168,HE.13,HE
GNA11,169,hehf.1,hehf
GNA11,170,hehf.2,hehf
GNA11,171,hehf.3,hehf
GNA11,172,hehf.4,hehf
GNA11,173,hehf.5,hehf
GNA11,174,hehf.6,hehf
GNA11,175,hehf.7,hehf
GNA11,176,HF.1,HF
GNA11,177,HF.2,HF
GNA11,178,HF.3,HF
GNA11,179,HF.4,HF
GNA11,180,HF.5,HF
GNA11,181,HF.6,HF
GNA11,182,hfs2.1,hfs2
GNA11,183,hfs2.2,hfs2
GNA11,184,hfs2.3,hfs2
GNA11,185,hfs2.4,hfs2
GNA11,186,hfs2.5,hfs2
GNA11,187,hfs2.6,hfs2
GNA11,188,hfs2.7,hfs2
GNA11,189,S2.1,S2
GNA11,190,S2.2,S2
GNA11,191,S2.3,S2
GNA11,192,S2.4,S2
GNA11,193,S2.5,S2
GNA11,194,S2.6,S2
GNA11,195,S2.7,S2
GNA11,196,S2.8,S2
GNA11,197,s2s3.1,s2s3
GNA11,198,s2s3.2,s2s3
GNA11,199,S3.1,S3
GNA11,200,S3.2,S3
GNA11,201,S3.3,S3
GNA11,202,S3.4,S3
GNA11,203,S3.5,S3
GNA11,204,S3.6,S3
GNA11,205,S3.7,S3
GNA11,206,S3.8,S3
GNA11,207,s3h2.1,s3h2
GNA11,208,s3h2.2,s3h2
GNA11,209,s3h2.3,s3h2
GNA11,210,H2.1,H2
GNA11,211,H2.2,H2
GNA11,212,H2.3,H2
GNA11,213,H2.4,H2
GNA11,214,H2.5,H2
GNA11,215,H2.6,H2
GNA11,216,H2.7,H2
GNA11,217,H2.8,H2
GNA11,218,H2.9,H2
GNA11,219,H2.10,H2
GNA11,220,h2s4.1,h2s4
GNA11,221,h2s4.2,h2s4
GNA11,222,h2s4.3,h2s4
GNA11,223,h2s4.4,h2s4
GNA11,224,h2s4.5,h2s4
GNA11,225,S4.1,S4
GNA11,226,S4.2,S4
GNA11,227,S4.3,S4
GNA11,228,S4.4,S4
GNA11,229,S4.5,S4
GNA11,230,S4.6,S4
GNA11,231,S4.7,S4
GNA11,232,s4h3.1,s4h3
GNA11,233,s4h3.2,s4h3
GNA11,234,s4h3.3,s4h3
GNA11,235,s4h3.4,s4h3
GNA11,236,s4h3.5,s4h3
GNA11,237,s4h3.6,s4h3
GNA11,238,s4h3.7,s4h3
GNA11,239,s4h3.8,s4h3
GNA11,240,s4h3.9,s4h3
GNA11,241,s4h3.10,s4h3
GNA11,242,s4h3.11,s4h3
GNA11,243,s4h3.12,s4h3
GNA11,244,s4h3.13,s4h3
GNA11,245,s4h3.14,s4h3
GNA11,246,s4h3.15,s4h3
GNA11,247,H3.1,H3
GNA11,248,H3.2,H3
GNA11,249,H3.3,H3
GNA11,250,H3.4,H3
GNA11,251,H3.5,H3
GNA11,252,H3.6,H3
GNA11,253,H3.7,H3
GNA11,254,H3.8,H3
GNA11,255,H3.9,H3
GNA11,256,H3.10,H3
GNA11,257,H3.11,H3
GNA11,258,H3.12,H3
GNA11,259,H3.13,H3
GNA11,260,H3.14,H3
GNA11,261,H3.15,H3
GNA11,262,H3.16,H3
GNA11,263,H3.17,H3
GNA11,264,H3.18,H3
GNA11,265,h3s5.1,h3s5
GNA11,266,h3s5.2,h3s5
GNA11,267,h3s5.3,h3s5
GNA11,268,S5.1,S5
GNA11,269,S5.2,S5
GNA11,270,S5.3,S5
GNA11,271,S5.4,S5
GNA11,272,S5.5,S5
GNA11,273,S5.6,S5
GNA11,274,S5.7,S5
GNA11,275,s5hg.1,s5hg
GNA11,276,HG.1,HG
GNA11,277,HG.2,HG
GNA11,278,HG.3,HG
GNA11,279,HG.4,HG
GNA11,280,HG.5,HG
GNA11,281,HG.6,HG
GNA11,282,HG.7,HG
GNA11,283,HG.8,HG
GNA11,284,HG.9,HG
GNA11,285,HG.12,HG
GNA11,286,HG.13,HG
GNA11,287,HG.14,HG
GNA11,288,HG.15,HG
GNA11,289,HG.16,HG
GNA11,290,HG.17,HG
GNA11,291,hgh4.1,hgh4
GNA11,292,hgh4.2,hgh4
GNA11,293,hgh4.3,hgh4
GNA11,294,hgh4.4,hgh4
GNA11,295,hgh4.5,hgh4
GNA11,296,hgh4.6,hgh4
GNA11,297,hgh4.7,hgh4
GNA11,298,hgh4.8,hgh4
GNA11,299,hgh4.9,hgh4
GNA11,300,hgh4.10,hgh4
GNA11,301,H4.1,H4
GNA11,302,H4.2,H4
GNA11,303,H4.3,H4
GNA11,304,H4.4,H4
GNA11,305,H4.5,H4
GNA11,306,H4.6,H4
GNA11,307,H4.7,H4
GNA11,308,H4.20,H4
GNA11,309,H4.21,H4
GNA11,310,H4.22,H4
GNA11,311,H4.23,H4
GNA11,312,H4.24,H4
GNA11,313,H4.25,H4
GNA11,314,H4.26,H4
GNA11,315,H4.27,H4
GNA11,316,h4s6.1,h4s6
GNA11,317,h4s6.8,h4s6
GNA11,318,h4s6.9,h4s6
GNA11,319,h4s6.10,h4s6
GNA11,320,h4s6.11,h4s6
GNA11,321,h4s6.12,h4s6
GNA11,322,h4s6.13,h4s6
GNA11,323,h4s6.20,h4s6
GNA11,324,S6.1,S6
GNA11,325,S6.2,S6
GNA11,326,S6.3,S6
GNA11,327,S6.4,S6
GNA11,328,S6.5,S6
GNA11,329,s6h5.1,s6h5
GNA11,330,s6h5.2,s6h5
GNA11,331,s6h5.3,s6h5
GNA11,332,s6h5.4,s6h5
GNA11,333,s6h5.5,s6h5
GNA11,334,H5.1,H5
GNA11,335,H5.2,H5
GNA11,336,H5.3,H5
GNA11,337,H5.4,H5
GNA11,338,H5.5,H5
GNA11,339,H5.6,H5
GNA11,340,H5.7,H5
GNA11,341,H5.8,H5
GNA11,342,H5.9,H5
GNA11,343,H5.10,H5
GNA11,344,H5.11,H5
GNA11,345,H5.12,H5
GNA11,346,H5.13,H5
GNA11,347,H5.14,H5
GNA11,348,H5.15,H5
GNA11,349,H5.16,H5
GNA11,350,H5.17,H5
GNA11,351,H5.18,H5
GNA11,352,H5.19,H5
GNA11,353,H5.20,H5
GNA11,354,H5.21,H5
GNA11,355,H5.22,H5
GNA11,356,H5.23,H5
GNA11,357,H5.24,H5
GNA11,358,H5.25,H5
GNA11,359,H5.26,H5
GNA12,1,HN.1,HN
GNA12,2,HN.2,HN
GNA12,3,HN.3,HN
GNA12,4,HN.4,HN
GNA12,5,HN.5,HN
GNA12,6,HN.6,HN
GNA12,7,HN.7,HN
GNA12,8,HN.8,HN
GNA12,9,HN.9,HN
GNA12,10,HN.10,HN
GNA12,11,HN.11,HN
GNA12,12,HN.12,HN
GNA12,13,HN.13,HN
GNA12,14,HN.14,HN
GNA12,15,HN.15,HN
GNA12,16,HN.16,HN
GNA12,17,HN.17,HN
GNA12,18,HN.18,HN
GNA12,19,HN.19,HN
GNA12,20,HN.20,HN
GNA12,21,HN.21,HN
GNA12,22,HN.22,HN
GNA12,23,HN.23,HN
GNA12,24,HN.24,HN
GNA12,25,HN.25,HN
GNA12,26,HN.26,HN
GNA12,27,HN.27,HN
GNA12,28,HN.28,HN
GNA12,29,HN.29,HN
GNA12,30,HN.30,HN
GNA12,31,HN.31,HN
GNA12,32,HN.32,HN
GNA12,33,HN.33,HN
GNA12,34,HN.34,HN
GNA12,35,HN.35,HN
GNA12,36,HN.36,HN
GNA12,37,HN.37,HN
GNA12,38,HN.38,HN
GNA12,39,HN.39,HN
GNA12,40,HN.40,HN
GNA12,41,HN.41,HN
GNA12,42,HN.42,HN
GNA12,43,HN.43,HN
GNA12,44,HN.44,HN
GNA12,45,HN.45,HN
GNA12,46,HN.46,HN
GNA12,47,HN.47,HN
GNA12,48,HN.48,HN
GNA12,49,HN.49,HN
GNA12,50,HN.50,HN
GNA12,51,HN.51,HN
GNA12,52,HN.52,HN
GNA12,53,HN.53,HN
GNA12,54,hns1.1,hns1
GNA12,55,hns1.2,hns1
GNA12,56,hns1.3,hns1
GNA12,57,S1.1,S1
GNA12,58,S1.2,S1
GNA12,59,S1.3,S1
GNA12,60,S1.4,S1
GNA12,61,S1.5,S1
GNA12,62,S1.6,S1
GNA12,63,S1.7,S1
GNA12,64,s1h1.1,s1h1
GNA12,65,s1h1.2,s1h1
GNA12,66,s1h1.3,s1h1
GNA12,67,s1h1.4,s1h1
GNA12,68,s1h1.5,s1h1
GNA12,69,s1h1.6,s1h1
GNA12,70,H1.1,H1
GNA12,71,H1.2,H1
GNA12,72,H1.3,H1
GNA12,73,H1.4,H1
GNA12,74,H1.5,H1
GNA12,75,H1.6,H1
GNA12,76,H1.7,H1
GNA12,77,H1.8,H1
GNA12,78,H1.9,H1
GNA12,79,H1.10,H1
GNA12,80,H1.11,H1
GNA12,81,H1.12,H1
GNA12,82,h1ha.1,h1ha
GNA12,83,h1ha.2,h1ha
GNA12,84,h1ha.3,h1ha
GNA12,85,h1ha.4,h1ha
GNA12,86,h1ha.5,h1ha
GNA12,87,HA.1,HA
GNA12,88,HA.2,HA
GNA12,89,HA.3,HA
GNA12,90,HA.4,HA
GNA12,91,HA.5,HA
GNA12,92,HA.6,HA
GNA12,93,HA.7,HA
GNA12,94,HA.8,HA
GNA12,95,HA.9,HA
GNA12,96,HA.10,HA
GNA12,97,HA.11,HA
GNA12,98,HA.12,HA
GNA12,99,HA.13,HA
GNA12,100,HA.14,HA
GNA12,101,HA.15,HA
GNA12,102,HA.16,HA
GNA12,103,HA.17,HA
GNA12,104,HA.18,HA
GNA12,105,HA.19,HA
GNA12,106,HA.20,HA
GNA12,107,HA.21,HA
GNA12,108,HA.22,HA
GNA12,109,HA.23,HA
GNA12,110,HA.24,HA
GNA12,111,HA.25,HA
GNA12,112,HA.26,HA
GNA12,113,HA.27,HA
GNA12,114,HA.28,HA
GNA12,115,HA.29,HA
GNA12,116,hahb.1,hahb
GNA12,117,hahb.4,hahb
GNA12,118,hahb.5,hahb
GNA12,119,hahb.6,hahb
GNA12,120,hahb.7,hahb
GNA12,121,hahb.8,hahb
GNA12,122,hahb.9,hahb
GNA12,123,HB.1,HB
GNA12,124,HB.2,HB
GNA12,125,HB.3,HB
GNA12,126,HB.4,HB
GNA12,127,HB.5,HB
GNA12,128,HB.6,HB
GNA12,129,HB.7,HB
GNA12,130,HB.8,HB
GNA12,131,HB.9,HB
GNA12,132,HB.10,HB
GNA12,133,HB.11,HB
GNA12,134,HB.12,HB
GNA12,135,HB.13,HB
GNA12,136,HB.14,HB
GNA12,137,hbhc.1,hbhc
GNA12,138,hbhc.2,hbhc
GNA12,139,hbhc.3,hbhc
GNA12,140,hbhc.4,hbhc
GNA12,141,hbhc.5,hbhc
GNA12,142,hbhc.10,hbhc
GNA12,143,hbhc.11,hbhc
GNA12,144,hbhc.12,hbhc
GNA12,145,hbhc.13,hbhc
GNA12,146,hbhc.14,hbhc
GNA12,147,hbhc.15,hbhc
GNA12,148,HC.1,HC
GNA12,149,HC.2,HC
GNA12,150,HC.3,HC
GNA12,151,HC.4,HC
GNA12,152,HC.5,HC
GNA12,153,HC.6,HC
GNA12,154,HC.7,HC
GNA12,155,HC.8,HC
GNA12,156,HC.9,HC
GNA12,157,HC.10,HC
GNA12,158,HC.11,HC
GNA12,159,HC.12,HC
GNA12,160,hchd.1,hchd
GNA12,161,HD.1,HD
GNA12,162,HD.2,HD
GNA12,163,HD.3,HD
GNA12,164,HD.4,HD
GNA12,165,HD.5,HD
GNA12,166,HD.6,HD
GNA12,167,HD.7,HD
GNA12,168,HD.8,HD
GNA12,169,HD.9,HD
GNA12,170,HD.10,HD
GNA12,171,HD.11,HD
GNA12,172,HD.12,HD
GNA12,173,hdhe.1,hdhe
GNA12,174,hdhe.2,hdhe
GNA12,175,hdhe.3,hdhe
GNA12,176,hdhe.4,hdhe
GNA12,177,hdhe.5,hdhe
GNA12,178,HE.1,HE
GNA12,179,HE.2,HE
GNA12,180,HE.3,HE
GNA12,181,HE.4,HE
GNA12,182,HE.5,HE
GNA12,183,HE.6,HE
GNA12,184,HE.7,HE
GNA12,185,HE.8,HE
GNA12,186,HE.9,HE
GNA12,187,HE.10,HE
GNA12,188,HE.11,HE
GNA12,189,HE.12,HE
GNA12,190,HE.13,HE
GNA12,191,hehf.1,hehf
GNA12,192,hehf.2,hehf
GNA12,193,hehf.3,hehf
GNA12,194,hehf.4,hehf
GNA12,195,hehf.5,hehf
GNA12,196,hehf.6,hehf
GNA12,197,hehf.7,hehf
GNA12,198,HF.1,HF
GNA12,199,HF.2,HF
GNA12,200,HF.3,HF
GNA12,201,HF.4,HF
GNA12,202,HF.5,HF
GNA12,203,HF.6,HF
GNA12,204,hfs2.1,hfs2
GNA12,205,hfs2.2,hfs2
GNA12,206,hfs2.3,hfs2
GNA12,207,hfs2.4,hfs2
GNA12,208,hfs2.5,hfs2
GNA12,209,hfs2.6,hfs2
GNA12,210,hfs2.7,hfs2
GNA12,211,S2.1,S2
GNA12,212,S2.2,S2
GNA12,213,S2.3,S2
GNA12,214,S2.4,S2
GNA12,215,S2.5,S2
GNA12,216,S2.6,S2
GNA12,217,S2.7,S2
GNA12,218,S2.8,S2
GNA12,219,s2s3.1,s2s3
GNA12,220,s2s3.2,s2s3
GNA12,221,S3.1,S3
GNA12,222,S3.2,S3
GNA12,223,S3.3,S3
GNA12,224,S3.4,S3
GNA12,225,S3.5,S3
GNA12,226,S3.6,S3
GNA12,227,S3.7,S3
GNA12,228,S3.8,S3
GNA12,229,s3h2.1,s3h2
GNA12,230,s3h2.2,s3h2
GNA12,231,s3h2.3,s3h2
GNA12,232,H2.1,H2
GNA12,233,H2.2,H2
GNA12,234,H2.3,H2
GNA12,235,H2.4,H2
GNA12,236,H2.5,H2
GNA12,237,H2.6,H2
GNA12,238,H2.7,H2
GNA12,239,H2.8,H2
GNA12,240,H2.9,H2
GNA12,241,H2.10,H2
GNA12,242,h2s4.1,h2s4
GNA12,243,h2s4.2,h2s4
GNA12,244,h2s4.3,h2s4
GNA12,245,h2s4.4,h2s4
GNA12,246,h2s4.5,h2s4
GNA12,247,S4.1,S4
GNA12,248,S4.2,S4
GNA12,249,S4.3,S4
GNA12,250,S4.4,S4
GNA12,251,S4.5,S4
GNA12,252,S4.6,S4
GNA12,253,S4.7,S4
GNA12,254,s4h3.1,s4h3
GNA12,255,s4h3.2,s4h3
GNA12,256,s4h3.3,s4h3
GNA12,257,s4h3.4,s4h3
GNA12,258,s4h3.5,s4h3
GNA12,259,s4h3.6,s4h3
GNA12,260,s4h3.7,s4h3
GNA12,261,s4h3.8,s4h3
GNA12,262,s4h3.9,s4h3
GNA12,263,s4h3.10,s4h3
GNA12,264,s4h3.11,s4h3
GNA12,265,s4h3.12,s4h3
GNA12,266,s4h3.13,s4h3
GNA12,267,s4h3.14,s4h3
GNA12,268,s4h3.15,s4h3
GNA12,269,H3.1,H3
GNA12,270,H3.2,H3
GNA12,271,H3.3,H3
GNA12,272,H3.4,H3
GNA12,273,H3.5,H3
GNA12,274,H3.6,H3
GNA12,275,H3.7,H3
GNA12,276,H3.8,H3
GNA12,277,H3.9,H3
GNA12,278,H3.10,H3
GNA12,279,H3.11,H3
GNA12,280,H3.12,H3
GNA12,281,H3.13,H3
GNA12,282,H3.14,H3
GNA12,283,H3.15,H3
GNA12,284,H3.16,H3
GNA12,285,H3.17,H3
GNA12,286,H3.18,H3
GNA12,287,h3s5.1,h3s5
GNA12,288,h3s5.2,h3s5
GNA12,289,h3s5.3,h3s5
GNA12,290,S5.1,S5
GNA12,291,S5.2,S5
GNA12,292,S5.3,S5
GNA12,293,S5.4,S5
GNA12,294,S5.5,S5
GNA12,295,S5.6,S5
GNA12,296,S5.7,S5
GNA12,297,s5hg.1,s5hg
GNA12,298,HG.1,HG
GNA12,299,HG.2,HG
GNA12,300,HG.3,HG
GNA12,301,HG.4,HG
GNA12,302,HG.5,HG
GNA12,303,HG.6,HG
GNA12,304,HG.7,HG
GNA12,305,HG.8,HG
GNA12,306,HG.9,HG
GNA12,307,HG.12,HG
GNA12,308,HG.13,HG
GNA12,309,HG.14,HG
GNA12,310,HG.15,HG
GNA12,311,HG.16,HG
GNA12,312,HG.17,HG
GNA12,313,hgh4.1,hgh4
GNA12,314,hgh4.2,hgh4
GNA12,315,hgh4.3,hgh4
GNA12,316,hgh4.4,hgh4
GNA12,317,hgh4.5,hgh4
GNA12,318,hgh4.6,hgh4
GNA12,319,hgh4.7,hgh4
GNA12,320,hgh4.8,hgh4
GNA12,321,hgh4.9,hgh4
GNA12,322,hgh4.10,hgh4
GNA12,323,H4.1,H4
GNA12,324,H4.2,H4
GNA12,325,H4.3,H4
GNA12,326,H4.4,H4
GNA12,327,H4.5,H4
GNA12,328,H4.6,H4
GNA12,329,H4.7,H4
GNA12,330,H4.20,H4
GNA12,331,H4.21,H4
GNA12,332,H4.22,H4
GNA12,333,H4.23,H4
GNA12,334,H4.24,H4
GNA12,335,H4.25,H4
GNA12,336,H4.26,H4
GNA12,337,H4.27,H4
GNA12,338,h4s6.1,h4s6
GNA12,339,h4s6.8,h4s6
GNA12,340,h4s6.9,h4s6
GNA12,341,h4s6.10,h4s6
GNA12,342,h4s6.11,h4s6
GNA12,343,h4s6.12,h4s6
GNA12,344,h4s6.19,h4s6
GNA12,345,h4s6.20,h4s6
GNA12,346,S6.1,S6
GNA12,347,S6.2,S6
GNA12,348,S6.3,S6
GNA12,349,S6.4,S6
GNA12,350,S6.5,S6
GNA12,351,s6h5.1,s6h5
GNA12,352,s6h5.2,s6h5
GNA12,353,s6h5.3,s6h5
GNA12,354,s6h5.4,s6h5
GNA12,355,s6h5.5,s6h5
GNA12,356,H5.1,H5
GNA12,357,H5.2,H5
GNA12,358,H5.3,H5
GNA12,359,H5.4,H5
GNA12,360,H5.5,H5
GNA12,361,H5.6,H5
GNA12,362,H5.7,H5
GNA12,363,H5.8,H5
GNA12,364,H5.9,H5
GNA12,365,H5.10,H5
GNA12,366,H5.11,H5
GNA12,367,H5.12,H5
GNA12,368,H5.13,H5
GNA12,369,H5.14,H5
GNA12,370,H5.15,H5
GNA12,371,H5.16,H5
GNA12,372,H5.17,H5
GNA12,373,H5.18,H5
GNA12,374,H5.19,H5
GNA12,375,H5.20,H5
GNA12,376,H5.21,H5
GNA12,377,H5.22,H5
GNA12,378,H5.23,H5
GNA12,379,H5.24,H5
GNA12,380,H5.25,H5
GNA12,381,H5.26,H5
GNA13,1,HN.1,HN
GNA13,2,HN.2,HN
GNA13,3,HN.3,HN
GNA13,4,HN.4,HN
GNA13,5,HN.5,HN
GNA13,6,HN.6,HN
GNA13,7,HN.9,HN
GNA13,8,HN.10,HN
GNA13,9,HN.11,HN
GNA13,10,HN.12,HN
GNA13,11,HN.13,HN
GNA13,12,HN.14,HN
GNA13,13,HN.15,HN
GNA13,14,HN.16,HN
GNA13,15,HN.17,HN
GNA13,16,HN.18,HN
GNA13,17,HN.19,HN
GNA13,18,HN.20,HN
GNA13,19,HN.21,HN
GNA13,20,HN.22,HN
GNA13,21,HN.23,HN
GNA13,22,HN.24,HN
GNA13,23,HN.25,HN
GNA13,24,HN.33,HN
GNA13,25,HN.34,HN
GNA13,26,HN.35,HN
GNA13,27,HN.36,HN
GNA13,28,HN.37,HN
GNA13,29,HN.38,HN
GNA13,30,HN.39,HN
GNA13,31,HN.40,HN
GNA13,32,HN.41,HN
GNA13,33,HN.42,HN
GNA13,34,HN.43,HN
GNA13,35,HN.44,HN
GNA13,36,HN.45,HN
GNA13,37,HN.46,HN
GNA13,38,HN.47,HN
GNA13,39,HN.48,HN
GNA13,40,HN.49,HN
GNA13,41,HN.50,HN
GNA13,42,HN.51,HN
GNA13,43,HN.52,HN
GNA13,44,HN.53,HN
GNA13,45,hns1.1,hns1
GNA13,46,hns1.2,hns1
GNA13,47,hns1.3,hns1
GNA13,48,S1.1,S1
GNA13,49,S1.2,S1
GNA13,50,S1.3,S1
GNA13,51,S1.4,S1
GNA13,52,S1.5,S1
GNA13,53,S1.6,S1
GNA13,54,S1.7,S1
GNA13,55,s1h1.1,s1h1
GNA13,56,s1h1.2,s1h1
GNA13,57,s1h1.3,s1h1
GNA13,58,s1h1.4,s1h1
GNA13,59,s1h1.5,s1h1
GNA13,60,s1h1.6,s1h1
GNA13,61,H1.1,H1
GNA13,62,H1.2,H1
GNA13,63,H1.3,H1
GNA13,64,H1.4,H1
GNA13,65,H1.5,H1
GNA13,66,H1.6,H1
GNA13,67,H1.7,H1
GNA13,68,H1.8,H1
GNA13,69,H1.9,H1
GNA13,70,H1.10,H1
GNA13,71,H1.11,H1
GNA13,72,H1.12,H1
GNA13,73,h1ha.1,h1ha
GNA13,74,h1ha.2,h1ha
GNA13,75,h1ha.3,h1ha
GNA13,76,h1ha.4,h1ha
GNA13,77,h1ha.5,h1ha
GNA13,78,HA.1,HA
GNA13,79,HA.2,HA
GNA13,80,HA.3,HA
GNA13,81,HA.4,HA
GNA13,82,HA.5,HA
GNA13,83,HA.6,HA
GNA13,84,HA.7,HA
GNA13,85,HA.8,HA
GNA13,86,HA.9,HA
GNA13,87,HA.10,HA
GNA13,88,HA.11,HA
GNA13,89,HA.12,HA
GNA13,90,HA.13,HA
GNA13,91,HA.14,HA
GNA13,92,HA.15,HA
GNA13,93,HA.16,HA
GNA13,94,HA.17,HA
GNA13,95,HA.18,HA
GNA13,96,HA.19,HA
GNA13,97,HA.20,HA
GNA13,98,HA.21,HA
GNA13,99,HA.22,HA
GNA13,100,HA.23,HA
GNA13,101,HA.24,HA
GNA13,102,HA.25,HA
GNA13,103,HA.26,HA
GNA13,104,HA.27,HA
GNA13,105,HA.28,HA
GNA13,106,HA.29,HA
GNA13,107,hahb.1,hahb
GNA13,108,hahb.4,hahb
GNA13,109,hahb.5,hahb
GNA13,110,hahb.6,hahb
GNA13,111,hahb.7,hahb
GNA13,112,hahb.8,hahb
GNA13,113,hahb.9,hahb
GNA13,114,HB.1,HB
GNA13,115,HB.2,HB
GNA13,116,HB.3,HB
GNA13,117,HB.4,HB
GNA13,118,HB.5,HB
GNA13,119,HB.6,HB
GNA13,120,HB.7,HB
GNA13,121,HB.8,HB
GNA13,122,HB.9,HB
GNA13,123,HB.10,HB
GNA13,124,HB.11,HB
GNA13,125,HB.12,HB
GNA13,126,HB.13,HB
GNA13,127,HB.14,HB
GNA13,128,hbhc.1,hbhc
GNA13,129,hbhc.2,hbhc
GNA13,130,hbhc.3,hbhc
GNA13,131,hbhc.4,hbhc
GNA13,132,hbhc.5,hbhc
GNA13,133,hbhc.6,hbhc
GNA13,134,hbhc.7,hbhc
GNA13,135,hbhc.8,hbhc
GNA13,136,hbhc.9,hbhc
GNA13,137,hbhc.10,hbhc
GNA13,138,hbhc.11,hbhc
GNA13,139,hbhc.12,hbhc
GNA13,140,hbhc.13,hbhc
GNA13,141,hbhc.14,hbhc
GNA13,142,hbhc.15,hbhc
GNA13,143,HC.1,HC
GNA13,144,HC.2,HC
GNA13,145,HC.3,HC
GNA13,146,HC.4,HC
GNA13,147,HC.5,HC
GNA13,148,HC.6,HC
GNA13,149,HC.7,HC
GNA13,150,HC.8,HC
GNA13,151,HC.9,HC
GNA13,152,HC.10,HC
GNA13,153,HC.11,HC
GNA13,154,HC.12,HC
GNA13,155,hchd.1,hchd
GNA13,156,HD.1,HD
GNA13,157,HD.2,HD
GNA13,158,HD.3,HD
GNA13,159,HD.4,HD
GNA13,160,HD.5,HD
GNA13,161,HD.6,HD
GNA13,162,HD.7,HD
GNA13,163,HD.8,HD
GNA13,164,HD.9,HD
GNA13,165,HD.10,HD
GNA13,166,HD.11,HD
GNA13,167,HD.12,HD
GNA13,168,hdhe.1,hdhe
GNA13,169,hdhe.2,hdhe
GNA13,170,hdhe.3,hdhe
GNA13,171,hdhe.4,hdhe
GNA13,172,hdhe.5,hdhe
GNA13,173,HE.1,HE
GNA13,174,HE.2,HE
GNA13,175,HE.3,HE
GNA13,176,HE.4,HE
GNA13,177,HE.5,HE
GNA13,178,HE.6,HE
GNA13,179,HE.7,HE
GNA13,180,HE.8,HE
GNA13,181,HE.9,HE
GNA13,182,HE.10,HE
GNA13,183,HE.11,HE
GNA13,184,HE.12,HE
GNA13,185,HE.13,HE
GNA13,186,hehf.1,hehf
GNA13,187,hehf.2,hehf
GNA13,188,hehf.3,hehf
GNA13,189,hehf.4,hehf
GNA13,190,hehf.5,hehf
GNA13,191,hehf.6,hehf
GNA13,192,hehf.7,hehf
GNA13,193,HF.1,HF
GNA13,194,HF.2,HF
GNA13,195,HF.3,HF
GNA13,196,HF.4,HF
GNA13,197,HF.5,HF
GNA13,198,HF.6,HF
GNA13,199,hfs2.1,hfs2
GNA13,200,hfs2.2,hfs2
GNA13,201,hfs2.3,hfs2
GNA13,202,hfs2.4,hfs2
GNA13,203,hfs2.5,hfs2
GNA13,204,hfs2.6,hfs2
GNA13,205,hfs2.7,hfs2
GNA13,206,S2.1,S2
GNA13,207,S2.2,S2
GNA13,208,S2.3,S2
GNA13,209,S2.4,S2
GNA13,210,S2.5,S2
GNA13,211,S2.6,S2
GNA13,212,S2.7,S2
GNA13,213,S2.8,S2
GNA13,214,s2s3.1,s2s3
GNA13,215,s2s3.2,s2s3
GNA13,216,S3.1,S3
GNA13,217,S3.2,S3
GNA13,218,S3.3,S3
GNA13,219,S3.4,S3
GNA13,220,S3.5,S3
GNA13,221,S3.6,S3
GNA13,222,S3.7,S3
GNA13,223,S3.8,S3
GNA13,224,s3h2.1,s3h2
GNA13,225,s3h2.2,s3h2
GNA13,226,s3h2.3,s3h2
GNA13,227,H2.1,H2
GNA13,228,H2.2,H2
GNA13,229,H2.3,H2
GNA13,230,H2.4,H2
GNA13,231,H2.5,H2
GNA13,232,H2.6,H2
GNA13,233,H2.7,H2
GNA13,234,H2.8,H2
GNA13,235,H2.9,H2
GNA13,236,H2.10,H2
GNA13,237,h2s4.1,h2s4
GNA13,238,h2s4.2,h2s4
GNA13,239,h2s4.3,h2s4
GNA13,240,h2s4.4,h2s4
GNA13,241,h2s4.5,h2s4
GNA13,242,S4.1,S4
GNA13,243,S4.2,S4
GNA13,244,S4.3,S4
GNA13,245,S4.4,S4
GNA13,246,S4.5,S4
GNA13,247,S4.6,S4
GNA13,248,S4.7,S4
GNA13,249,s4h3.1,s4h3
GNA13,250,s4h3.2,s4h3
GNA13,251,s4h3.3,s4h3
GNA13,252,s4h3.4,s4h3
GNA13,253,s4h3.5,s4h3
GNA13,254,s4h3.6,s4h3
GNA13,255,s4h3.7,s4h3
GNA13,256,s4h3.8,s4h3
GNA13,257,s4h3.9,s4h3
GNA13,258,s4h3.10,s4h3
GNA13,259,s4h3.11,s4h3
GNA13,260,s4h3.12,s4h3
GNA13,261,s4h3.13,s4h3
GNA13,262,s4h3.14,s4h3
GNA13,263,s4h3.15,s4h3
GNA13,264,H3.1,H3
GNA13,265,H3.2,H3
GNA13,266,H3.3,H3
GNA13,267,H3.4,H3
GNA13,268,H3.5,H3
GNA13,269,H3.6,H3
GNA13,270,H3.7,H3
GNA13,271,H3.8,H3
GNA13,272,H3.9,H3
GNA13,273,H3.10,H3
GNA13,274,H3.11,H3
GNA13,275,H3.12,H3
GNA13,276,H3.13,H3
GNA13,277,H3.14,H3
GNA13,278,H3.15,H3
GNA13,279,H3.16,H3
GNA13,280,H3.17,H3
GNA13,281,H3.18,H3
GNA13,282,h3s5.1,h3s5
GNA13,283,h3s5.2,h3s5
GNA13,284,h3s5.3,h3s5
GNA13,285,S5.1,S5
GNA13,286,S5.2,S5
GNA13,287,S5.3,S5
GNA13,288,S5.4,S5
GNA13,289,S5.5,S5
GNA13,290,S5.6,S5
GNA13,291,S5.7,S5
GNA13,292,s5hg.1,s5hg
GNA13,293,HG.1,HG
GNA13,294,HG.2,HG
GNA13,295,HG.3,HG
GNA13,296,HG.4,HG
GNA13,297,HG.5,HG
GNA13,298,HG.6,HG
GNA13,299,HG.7,HG
GNA13,300,HG.8,HG
GNA13,301,HG.9,HG
GNA13,302,HG.12,HG
GNA13,303,HG.13,HG
GNA13,304,HG.14,HG
GNA13,305,HG.15,HG
GNA13,306,HG.16,HG
GNA13,307,HG.17,HG
GNA13,308,hgh4.1,hgh4
GNA13,309,hgh4.2,hgh4
GNA13,310,hgh4.3,hgh4
GNA13,311,hgh4.4,hgh4
GNA13,312,hgh4.5,hgh4
GNA13,313,hgh4.6,hgh4
GNA13,314,hgh4.7,hgh4
GNA13,315,hgh4.8,hgh4
GNA13,316,H4.1,H4
GNA13,317,H4.2,H4
GNA13,318,H4.3,H4
GNA13,319,H4.4,H4
GNA13,320,H4.5,H4
GNA13,321,H4.6,H4
GNA13,322,H4.7,H4
GNA13,323,H4.8,H4
GNA13,324,H4.9,H4
GNA13,325,H4.10,H4
GNA13,326,H4.11,H4
GNA13,327,H4.12,H4
GNA13,328,H4.13,H4
GNA13,329,H4.14,H4
GNA13,330,H4.15,H4
GNA13,331,H4.16,H4
GNA13,332,H4.17,H4
GNA13,333,h4s6.1,h4s6
GNA13,334,h4s6.8,h4s6
GNA13,335,h4s6.9,h4s6
GNA13,336,h4s6.10,h4s6
GNA13,337,h4s6.11,h4s6
GNA13,338,h4s6.12,h4s6
GNA13,339,h4s6.13,h4s6
GNA13,340,h4s6.19,h4s6
GNA13,341,h4s6.20,h4s6
GNA13,342,S6.1,S6
GNA13,343,S6.2,S6
GNA13,344,S6.3,S6
GNA13,345,S6.4,S6
GNA13,346,S6.5,S6
GNA13,347,s6h5.1,s6h5
GNA13,348,s6h5.2,s6h5
GNA13,349,s6h5.3,s6h5
GNA13,350,s6h5.4,s6h5
GNA13,351,s6h5.5,s6h5
GNA13,352,H5.1,H5
GNA13,353,H5.2,H5
GNA13,354,H5.3,H5
GNA13,355,H5.4,H5
GNA13,356,H5.5,H5
GNA13,357,H5.6,H5
GNA13,358,H5.7,H5
GNA13,359,H5.8,H5
GNA13,360,H5.9,H5
GNA13,361,H5.10,H5
GNA13,362,H5.11,H5
GNA13,363,H5.12,H5
GNA13,364,H5.13,H5
GNA13,365,H5.14,H5
GNA13,366,H5.15,H5
GNA13,367,H5.16,H5
GNA13,368,H5.17,H5
GNA13,369,H5.18,H5
GNA13,370,H5.19,H5
GNA13,371,H5.20,H5
GNA13,372,H5.21,H5
GNA13,373,H5.22,H5
GNA13,374,H5.23,H5
GNA13,375,H5.24,H5
GNA13,376,H5.25,H5
GNA13,377,H5.26,H5
GNA14,1,HN.1,HN
GNA14,2,HN.2,HN
GNA14,3,HN.3,HN
GNA14,4,HN.9,HN
GNA14,5,HN.10,HN
GNA14,6,HN.11,HN
GNA14,7,HN.29,HN
GNA14,8,HN.30,HN
GNA14,9,HN.31,HN
GNA14,10,HN.32,HN
GNA14,11,HN.33,HN
GNA14,12,HN.34,HN
GNA14,13,HN.35,HN
GNA14,14,HN.36,HN
GNA14,15,HN.37,HN
GNA14,16,HN.38,HN
GNA14,17,HN.39,HN
GNA14,18,HN.40,HN
GNA14,19,HN.41,HN
GNA14,20,HN.42,HN
GNA14,21,HN.43,HN
GNA14,22,HN.44,HN
GNA14,23,HN.45,HN
GNA14,24,HN.46,HN
GNA14,25,HN.47,HN
GNA14,26,HN.48,HN
GNA14,27,HN.49,HN
GNA14,28,HN.50,HN
GNA14,29,HN.51,HN
GNA14,30,HN.52,HN
GNA14,31,HN.53,HN
GNA14,32,hns1.1,hns1
GNA14,33,hns1.2,hns1
GNA14,34,hns1.3,hns1
GNA14,35,S1.1,S1
GNA14,36,S1.2,S1
GNA14,37,S1.3,S1
GNA14,38,S1.4,S1
GNA14,39,S1.5,S1
GNA14,40,S1.6,S1
GNA14,41,S1.7,S1
GNA14,42,s1h1.1,s1h1
GNA14,43,s1h1.2,s1h1
GNA14,44,s1h1.3,s1h1
GNA14,45,s1h1.4,s1h1
GNA14,46,s1h1.5,s1h1
GNA14,47,s1h1.6,s1h1
GNA14,48,H1.1,H1
GNA14,49,H1.2,H1
GNA14,50,H1.3,H1
GNA14,51,H1.4,H1
GNA14,52,H1.5,H1
GNA14,53,H1.6,H1
GNA14,54,H1.7,H1
GNA14,55,H1.8,H1
GNA14,56,H1.9,H1
GNA14,57,H1.10,H1
GNA14,58,H1.11,H1
GNA14,59,H1.12,H1
GNA14,60,h1ha.1,h1ha
GNA14,61,h1ha.2,h1ha
GNA14,62,h1ha.3,h1ha
GNA14,63,h1ha.4,h1ha
GNA14,64,h1ha.5,h1ha
GNA14,65,HA.1,HA
GNA14,66,HA.2,HA
GNA14,67,HA.3,HA
GNA14,68,HA.4,HA
GNA14,69,HA.5,HA
GNA14,70,HA.6,HA
GNA14,71,HA.7,HA
GNA14,72,HA.8,HA
GNA14,73,HA.9,HA
GNA14,74,HA.10,HA
GNA14,75,HA.11,HA
GNA14,76,HA.12,HA
GNA14,77,HA.13,HA
GNA14,78,HA.14,HA
GNA14,79,HA.15,HA
GNA14,80,HA.16,HA
GNA14,81,HA.17,HA
GNA14,82,HA.18,HA
GNA14,83,HA.19,HA
GNA14,84,HA.20,HA
GNA14,85,HA.21,HA
GNA14,86,HA.22,HA
GNA14,87,HA.23,HA
GNA14,88,HA.24,HA
GNA14,89,HA.25,HA
GNA14,90,HA.26,HA
GNA14,91,HA.27,HA
GNA14,92,HA.28,HA
GNA14,93,HA.29,HA
GNA14,94,hahb.1,hahb
GNA14,95,hahb.4,hahb
GNA14,96,hahb.5,hahb
GNA14,97,hahb.6,hahb
GNA14,98,hahb.7,hahb
GNA14,99,hahb.8,hahb
GNA14,100,hahb.9,hahb
GNA14,101,HB.1,HB
GNA14,102,HB.2,HB
GNA14,103,HB.3,HB
GNA14,104,HB.4,HB
GNA14,105,HB.5,HB
GNA14,106,HB.6,HB
GNA14,107,HB.7,HB
GNA14,108,HB.8,HB
GNA14,109,HB.9,HB
GNA14,110,HB.10,HB
GNA14,111,HB.11,HB
GNA14,112,HB.12,HB
GNA14,113,HB.13,HB
GNA14,114,HB.14,HB
GNA14,115,hbhc.1,hbhc
GNA14,116,hbhc.2,hbhc
GNA14,117,hbhc.3,hbhc
GNA14,118,hbhc.4,hbhc
GNA14,119,hbhc.5,hbhc
GNA14,120,hbhc.14,hbhc
GNA14,121,hbhc.15,hbhc
GNA14,122,HC.1,HC
GNA14,123,HC.2,HC
GNA14,124,HC.3,HC
GNA14,125,HC.4,HC
GNA14,126,HC.5,HC
GNA14,127,HC.6,HC
GNA14,128,HC.7,HC
GNA14,129,HC.8,HC
GNA14,130,HC.9,HC
GNA14,131,HC.10,HC
GNA14,132,HC.11,HC
GNA14,133,HC.12,HC
GNA14,134,hchd.1,hchd
GNA14,135,HD.1,HD
GNA14,136,HD.2,HD
GNA14,137,HD.3,HD
GNA14,138,HD.4,HD
GNA14,139,HD.5,HD
GNA14,140,HD.6,HD
GNA14,141,HD.7,HD
GNA14,142,HD.8,HD
GNA14,143,HD.9,HD
GNA14,144,HD.10,HD
GNA14,145,HD.11,HD
GNA14,146,HD.12,HD
GNA14,147,hdhe.1,hdhe
GNA14,148,hdhe.2,hdhe
GNA14,149,hdhe.3,hdhe
GNA14,150,hdhe.4,hdhe
GNA14,151,hdhe.5,hdhe
GNA14,152,HE.1,HE
GNA14,153,HE.2,HE
GNA14,154,HE.3,HE
GNA14,155,HE.4,HE
GNA14,156,HE.5,HE
GNA14,157,HE.6,HE
GNA14,158,HE.7,HE
GNA14,159,HE.8,HE
GNA14,160,HE.9,HE
GNA14,161,HE.10,HE
GNA14,162,HE.11,HE
GNA14,163,HE.12,HE
GNA14,164,HE.13,HE
GNA14,165,hehf.1,hehf
GNA14,166,hehf.2,hehf
GNA14,167,hehf.3,hehf
GNA14,168,hehf.4,hehf
GNA14,169,hehf.5,hehf
GNA14,170,hehf.6,hehf
GNA14,171,hehf.7,hehf
GNA14,172,HF.1,HF
GNA14,173,HF.2,HF
GNA14,174,HF.3,HF
GNA14,175,HF.4,HF
GNA14,176,HF.5,HF
GNA14,177,HF.6,HF
GNA14,178,hfs2.1,hfs2
GNA14,179,hfs2.2,hfs2
GNA14,180,hfs2.3,hfs2
GNA14,181,hfs2.4,hfs2
GNA14,182,hfs2.5,hfs2
GNA14,183,hfs2.6,hfs2
GNA14,184,hfs2.7,hfs2
GNA14,185,S2.1,S2
GNA14,186,S2.2,S2
GNA14,187,S2.3,S2
GNA14,188,S2.4,S2
GNA14,189,S2.5,S2
GNA14,190,S2.6,S2
GNA14,191,S2.7,S2
GNA14,192,S2.8,S2
GNA14,193,s2s3.1,s2s3
GNA14,194,s2s3.2,s2s3
GNA14,195,S3.1,S3
GNA14,196,S3.2,S3
GNA14,197,S3.3,S3
GNA14,198,S3.4,S3
GNA14,199,S3.5,S3
GNA14,200,S3.6,S3
GNA14,201,S3.7,S3
GNA14,202,S3.8,S3
GNA14,203,s3h2.1,s3h2
GNA14,204,s3h2.2,s3h2
GNA14,205,s3h2.3,s3h2
GNA14,206,H2.1,H2
GNA14,207,H2.2,H2
GNA14,208,H2.3,H2
GNA14,209,H2.4,H2
GNA14,210,H2.5,H2
GNA14,211,H2.6,H2
GNA14,212,H2.7,H2
GNA14,213,H2.8,H2
GNA14,214,H2.9,H2
GNA14,215,H2.10,H2
GNA14,216,h2s4.1,h2s4
GNA14,217,h2s4.2,h2s4
GNA14,218,h2s4.3,h2s4
GNA14,219,h2s4.4,h2s4
GNA14,220,h2s4.5,h2s4
GNA14,221,S4.1,S4
GNA14,222,S4.2,S4
GNA14,223,S4.3,S4
GNA14,224,S4.4,S4
GNA14,225,S4.5,S4
GNA14,226,S4.6,S4
GNA14,227,S4.7,S4
GNA14,228,s4h3.1,s4h3
GNA14,229,s4h3.2,s4h3
GNA14,230,s4h3.3,s4h3
GNA14,231,s4h3.4,s4h3
GNA14,232,s4h3.5,s4h3
GNA14,233,s4h3.6,s4h3
GNA14,234,s4h3.7,s4h3
GNA14,235,s4h3.8,s4h3
GNA14,236,s4h3.9,s4h3
GNA14,237,s4h3.10,s4h3
GNA14,238,s4h3.11,s4h3
GNA14,239,s4h3.12,s4h3
GNA14,240,s4h3.13,s4h3
GNA14,241,s4h3.14,s4h3
GNA14,242,s4h3.15,s4h3
GNA14,243,H3.1,H3
GNA14,244,H3.2,H3
GNA14,245,H3.3,H3
GNA14,246,H3.4,H3
GNA14,247,H3.5,H3
GNA14,248,H3.6,H3
GNA14,249,H3.7,H3
GNA14,250,H3.8,H3
GNA14,251,H3.9,H3
GNA14,252,H3.10,H3
GNA14,253,H3.11,H3
GNA14,254,H3.12,H3
GNA14,255,H3.13,H3
GNA14,256,H3.14,H3
GNA14,257,H3.15,H3
GNA14,258,H3.16,H3
GNA14,259,H3.17,H3
GNA14,260,H3.18,H3
GNA14,261,h3s5.1,h3s5
GNA14,262,h3s5.2,h3s5
GNA14,263,h3s5.3,h3s5
GNA14,264,S5.1,S5
GNA14,265,S5.2,S5
GNA14,266,S5.3,S5
GNA14,267,S5.4,S5
GNA14,268,S5.5,S5
GNA14,269,S5.6,S5
GNA14,270,S5.7,S5
GNA14,271,s5hg.1,s5hg
GNA14,272,HG.1,HG
GNA14,273,HG.2,HG
GNA14,274,HG.3,HG
GNA14,275,HG.4,HG
GNA14,276,HG.5,HG
GNA14,277,HG.6,HG
GNA14,278,HG.7,HG
GNA14,279,HG.8,HG
GNA14,280,HG.9,HG
GNA14,281,HG.12,HG
GNA14,282,HG.13,HG
GNA14,283,HG.14,HG
GNA14,284,HG.15,HG
GNA14,285,HG.16,HG
GNA14,286,HG.17,HG
GNA14,287,hgh4.1,hgh4
GNA14,288,hgh4.2,hgh4
GNA14,289,hgh4.3,hgh4
GNA14,290,hgh4.4,hgh4
GNA14,291,hgh4.5,hgh4
GNA14,292,hgh4.6,hgh4
GNA14,293,hgh4.7,hgh4
GNA14,294,hgh4.8,hgh4
GNA14,295,hgh4.9,hgh4
GNA14,296,hgh4.10,hgh4
GNA14,297,H4.1,H4
GNA14,298,H4.2,H4
GNA14,299,H4.3,H4
GNA14,300,H4.4,H4
GNA14,301,H4.5,H4
GNA14,302,H4.6,H4
GNA14,303,H4.7,H4
GNA14,304,H4.20,H4
GNA14,305,H4.21,H4
GNA14,306,H4.22,H4
GNA14,307,H4.23,H4
GNA14,308,H4.24,H4
GNA14,309,H4.25,H4
GNA14,310,H4.26,H4
GNA14,311,H4.27,H4
GNA14,312,h4s6.1,h4s6
GNA14,313,h4s6.8,h4s6
GNA14,314,h4s6.9,h4s6
GNA14,315,h4s6.10,h4s6
GNA14,316,h4s6.11,h4s6
GNA14,317,h4s6.12,h4s6
GNA14,318,h4s6.13,h4s6
GNA14,319,h4s6.20,h4s6
GNA14,320,S6.1,S6
GNA14,321,S6.2,S6
GNA14,322,S6.3,S6
GNA14,323,S6.4,S6
GNA14,324,S6.5,S6
GNA14,325,s6h5.1,s6h5
GNA14,326,s6h5.2,s6h5
GNA14,327,s6h5.3,s6h5
GNA14,328,s6h5.4,s6h5
GNA14,329,s6h5.5,s6h5
GNA14,330,H5.1,H5
GNA14,331,H5.2,H5
GNA14,332,H5.3,H5
GNA14,333,H5.4,H5
GNA14,334,H5.5,H5
GNA14,335,H5.6,H5
GNA14,336,H5.7,H5
GNA14,337,H5.8,H5
GNA14,338,H5.9,H5
GNA14,339,H5.10,H5
GNA14,340,H5.11,H5
GNA14,341,H5.12,H5
GNA14,342,H5.13,H5
GNA14,343,H5.14,H5
GNA14,344,H5.15,H5
GNA14,345,H5.16,H5
GNA14,346,H5.17,H5
GNA14,347,H5.18,H5
GNA14,348,H5.19,H5
GNA14,349,H5.20,H5
GNA14,350,H5.21,H5
GNA14,351,H5.22,H5
GNA14,352,H5.23,H5
GNA14,353,H5.24,H5
GNA14,354,H5.25,H5
GNA14,355,H5.26,H5
GNA15,1,HN.1,HN
GNA15,2,HN.2,HN
GNA15,3,HN.3,HN
GNA15,4,HN.4,HN
GNA15,5,HN.5,HN
GNA15,6,HN.6,HN
GNA15,7,HN.7,HN
GNA15,8,HN.8,HN
GNA15,9,HN.9,HN
GNA15,10,HN.10,HN
GNA15,11,HN.11,HN
GNA15,12,HN.27,HN
GNA15,13,HN.28,HN
GNA15,14,HN.29,HN
GNA15,15,HN.30,HN
GNA15,16,HN.31,HN
GNA15,17,HN.32,HN
GNA15,18,HN.33,HN
GNA15,19,HN.34,HN
GNA15,20,HN.35,HN
GNA15,21,HN.36,HN
GNA15,22,HN.37,HN
GNA15,23,HN.38,HN
GNA15,24,HN.39,HN
GNA15,25,HN.40,HN
GNA15,26,HN.41,HN
GNA15,27,HN.42,HN
GNA15,28,HN.43,HN
GNA15,29,HN.44,HN
GNA15,30,HN.45,HN
GNA15,31,HN.46,HN
GNA15,32,HN.47,HN
GNA15,33,HN.48,HN
GNA15,34,HN.49,HN
GNA15,35,HN.50,HN
GNA15,36,HN.51,HN
GNA15,37,HN.52,HN
GNA15,38,HN.53,HN
GNA15,39,hns1.1,hns1
GNA15,40,hns1.2,hns1
GNA15,41,hns1.3,hns1
GNA15,42,S1.1,S1
GNA15,43,S1.2,S1
GNA15,44,S1.3,S1
GNA15,45,S1.4,S1
GNA15,46,S1.5,S1
GNA15,47,S1.6,S1
GNA15,48,S1.7,S1
GNA15,49,s1h1.1,s1h1
GNA15,50,s1h1.2,s1h1
GNA15,51,s1h1.3,s1h1
GNA15,52,s1h1.4,s1h1
GNA15,53,s1h1.5,s1h1
GNA15,54,s1h1.6,s1h1
GNA15,55,H1.1,H1
GNA15,56,H1.2,H1
GNA15,57,H1.3,H1
GNA15,58,H1.4,H1
GNA15,59,H1.5,H1
GNA15,60,H1.6,H1
GNA15,61,H1.7,H1
GNA15,62,H1.8,H1
GNA15,63,H1.9,H1
GNA15,64,H1.10,H1
GNA15,65,H1.11,H1
GNA15,66,H1.12,H1
GNA15,67,h1ha.1,h1ha
GNA15,68,h1ha.2,h1ha
GNA15,69,h1ha.3,h1ha
GNA15,70,h1ha.4,h1ha
GNA15,71,h1ha.5,h1ha
GNA15,72,HA.1,HA
GNA15,73,HA.2,HA
GNA15,74,HA.3,HA
GNA15,75,HA.4,HA
GNA15,76,HA.5,HA
GNA15,77,HA.6,HA
GNA15,78,HA.7,HA
GNA15,79,HA.8,HA
GNA15,80,HA.9,HA
GNA15,81,HA.10,HA
GNA15,82,HA.11,HA
GNA15,83,HA.12,HA
GNA15,84,HA.13,HA
GNA15,85,HA.14,HA
GNA15,86,HA.15,HA
GNA15,87,HA.16,HA
GNA15,88,HA.17,HA
GNA15,89,HA.18,HA
GNA15,90,HA.19,HA
GNA15,91,HA.20,HA
GNA15,92,HA.21,HA
GNA15,93,HA.22,HA
GNA15,94,HA.23,HA
GNA15,95,HA.24,HA
GNA15,96,HA.25,HA
GNA15,97,HA.26,HA
GNA15,98,HA.27,HA
GNA15,99,HA.28,HA
GNA15,100,HA.29,HA
GNA15,101,hahb.1,hahb
GNA15,102,hahb.4,hahb
GNA15,103,hahb.5,hahb
GNA15,104,hahb.6,hahb
GNA15,105,hahb.7,hahb
GNA15,106,hahb.8,hahb
GNA15,107,hahb.9,hahb
GNA15,108,HB.1,HB
GNA15,109,HB.2,HB
GNA15,110,HB.3,HB
GNA15,111,HB.4,HB
GNA15,112,HB.5,HB
GNA15,113,HB.6,HB
GNA15,114,HB.7,HB
GNA15,115,HB.8,HB
GNA15,116,HB.9,HB
GNA15,117,HB.10,HB
GNA15,118,HB.11,HB
GNA15,119,HB.12,HB
GNA15,120,HB.13,HB
GNA15,121,HB.14,HB
GNA15,122,hbhc.1,hbhc
GNA15,123,hbhc.2,hbhc
GNA15,124,hbhc.3,hbhc
GNA15,125,hbhc.4,hbhc
GNA15,126,hbhc.5,hbhc
GNA15,127,hbhc.14,hbhc
GNA15,128,hbhc.15,hbhc
GNA15,129,HC.1,HC
GNA15,130,HC.2,HC
GNA15,131,HC.3,HC
GNA15,132,HC.4,HC
GNA15,133,HC.5,HC
GNA15,134,HC.6,HC
GNA15,135,HC.7,HC
GNA15,136,HC.8,HC
GNA15,137,HC.9,HC
GNA15,138,HC.10,HC
GNA15,139,HC.11,HC
GNA15,140,HC.12,HC
GNA15,141,hchd.1,hchd
GNA15,142,HD.1,HD
GNA15,143,HD.2,HD
GNA15,144,HD.3,HD
GNA15,145,HD.4,HD
GNA15,146,HD.5,HD
GNA15,147,HD.6,HD
GNA15,148,HD.7,HD
GNA15,149,HD.8,HD
GNA15,150,HD.9,HD
GNA15,151,HD.10,HD
GNA15,152,HD.11,HD
GNA15,153,HD.12,HD
GNA15,154,hdhe.1,hdhe
GNA15,155,hdhe.2,hdhe
GNA15,156,hdhe.3,hdhe
GNA15,157,hdhe.4,hdhe
GNA15,158,hdhe.5,hdhe
GNA15,159,HE.1,HE
GNA15,160,HE.2,HE
GNA15,161,HE.3,HE
GNA15,162,HE.4,HE
GNA15,163,HE.5,HE
GNA15,164,HE.6,HE
GNA15,165,HE.7,HE
GNA15,166,HE.8,HE
GNA15,167,HE.9,HE
GNA15,168,HE.10,HE
GNA15,169,HE.11,HE
GNA15,170,HE.12,HE
GNA15,171,HE.13,HE
GNA15,172,hehf.1,hehf
GNA15,173,hehf.2,hehf
GNA15,174,hehf.3,hehf
GNA15,175,hehf.4,hehf
GNA15,176,hehf.5,hehf
GNA15,177,hehf.6,hehf
GNA15,178,hehf.7,hehf
GNA15,179,HF.1,HF
GNA15,180,HF.2,HF
GNA15,181,HF.3,HF
GNA15,182,HF.4,HF
GNA15,183,HF.5,HF
GNA15,184,HF.6,HF
GNA15,185,hfs2.1,hfs2
GNA15,186,hfs2.2,hfs2
GNA15,187,hfs2.3,hfs2
GNA15,188,hfs2.4,hfs2
GNA15,189,hfs2.5,hfs2
GNA15,190,hfs2.6,hfs2
GNA15,191,hfs2.7,hfs2
GNA15,192,S2.1,S2
GNA15,193,S2.2,S2
GNA15,194,S2.3,S2
GNA15,195,S2.4,S2
GNA15,196,S2.5,S2
GNA15,197,S2.6,S2
GNA15,198,S2.7,S2
GNA15,199,S2.8,S2
GNA15,200,s2s3.1,s2s3
GNA15,201,s2s3.2,s2s3
GNA15,202,S3.1,S3
GNA15,203,S3.2,S3
GNA15,204,S3.3,S3
GNA15,205,S3.4,S3
GNA15,206,S3.5,S3
GNA15,207,S3.6,S3
GNA15,208,S3.7,S3
GNA15,209,S3.8,S3
GNA15,210,s3h2.1,s3h2
GNA15,211,s3h2.2,s3h2
GNA15,212,s3h2.3,s3h2
GNA15,213,H2.1,H2
GNA15,214,H2.2,H2
GNA15,215,H2.3,H2
GNA15,216,H2.4,H2
GNA15,217,H2.5,H2
GNA15,218,H2.6,H2
GNA15,219,H2.7,H2
GNA15,220,H2.8,H2
GNA15,221,H2.9,H2
GNA15,222,H2.10,H2
GNA15,223,h2s4.1,h2s4
GNA15,224,h2s4.2,h2s4
GNA15,225,h2s4.3,h2s4
GNA15,226,h2s4.4,h2s4
GNA15,227,h2s4.5,h2s4
GNA15,228,S4.1,S4
GNA15,229,S4.2,S4
GNA15,230,S4.3,S4
GNA15,231,S4.4,S4
GNA15,232,S4.5,S4
GNA15,233,S4.6,S4
GNA15,234,S4.7,S4
GNA15,235,s4h3.1,s4h3
GNA15,236,s4h3.2,s4h3
GNA15,237,s4h3.3,s4h3
GNA15,238,s4h3.4,s4h3
GNA15,239,s4h3.5,s4h3
GNA15,240,s4h3.6,s4h3
GNA15,241,s4h3.7,s4h3
GNA15,242,s4h3.8,s4h3
GNA15,243,s4h3.9,s4h3
GNA15,244,s4h3.10,s4h3
GNA15,245,s4h3.11,s4h3
GNA15,246,s4h3.12,s4h3
GNA15,247,s4h3.13,s4h3
GNA15,248,s4h3.14,s4h3
GNA15,249,s4h3.15,s4h3
GNA15,250,H3.1,H3
GNA15,251,H3.2,H3
GNA15,252,H3.3,H3
GNA15,253,H3.4,H3
GNA15,254,H3.5,H3
GNA15,255,H3.6,H3
GNA15,256,H3.7,H3
GNA15,257,H3.8,H3
GNA15,258,H3.9,H3
GNA15,259,H3.10,H3
GNA15,260,H3.11,H3
GNA15,261,H3.12,H3
GNA15,262,H3.13,H3
GNA15,263,H3.14,H3
GNA15,264,H3.15,H3
GNA15,265,H3.16,H3
GNA15,266,H3.17,H3
GNA15,267,H3.18,H3
GNA15,268,h3s5.1,h3s5
GNA15,269,h3s5.2,h3s5
GNA15,270,h3s5.3,h3s5
GNA15,271,S5.1,S5
GNA15,272,S5.2,S5
GNA15,273,S5.3,S5
GNA15,274,S5.4,S5
GNA15,275,S5.5,S5
GNA15,276,S5.6,S5
GNA15,277,S5.7,S5
GNA15,278,s5hg.1,s5hg
GNA15,279,HG.1,HG
GNA15,280,HG.2,HG
GNA15,281,HG.3,HG
GNA15,282,HG.4,HG
GNA15,283,HG.5,HG
GNA15,284,HG.6,HG
GNA15,285,HG.7,HG
GNA15,286,HG.8,HG
GNA15,287,HG.9,HG
GNA15,288,HG.12,HG
GNA15,289,HG.13,HG
GNA15,290,HG.14,HG
GNA15,291,HG.15,HG
GNA15,292,HG.16,HG
GNA15,293,HG.17,HG
GNA15,294,hgh4.1,hgh4
GNA15,295,hgh4.2,hgh4
GNA15,296,hgh4.3,hgh4
GNA15,297,hgh4.4,hgh4
GNA15,298,hgh4.5,hgh4
GNA15,299,hgh4.6,hgh4
GNA15,300,hgh4.7,hgh4
GNA15,301,hgh4.8,hgh4
GNA15,302,hgh4.9,hgh4
GNA15,303,hgh4.10,hgh4
GNA15,304,H4.1,H4
GNA15,305,H4.2,H4
GNA15,306,H4.3,H4
GNA15,307,H4.4,H4
GNA15,308,H4.5,H4
GNA15,309,H4.6,H4
GNA15,310,H4.7,H4
GNA15,311,H4.20,H4
GNA15,312,H4.21,H4
GNA15,313,H4.22,H4
GNA15,314,H4.23,H4
GNA15,315,H4.24,H4
GNA15,316,H4.25,H4
GNA15,317,H4.26,H4
GNA15,318,H4.27,H4
GNA15,319,h4s6.1,h4s6
GNA15,320,h4s6.2,h4s6
GNA15,321,h4s6.3,h4s6
GNA15,322,h4s6.4,h4s6
GNA15,323,h4s6.5,h4s6
GNA15,324,h4s6.6,h4s6
GNA15,325,h4s6.7,h4s6
GNA15,326,h4s6.8,h4s6
GNA15,327,h4s6.9,h4s6
GNA15,328,h4s6.10,h4s6
GNA15,329,h4s6.11,h4s6
GNA15,330,h4s6.12,h4s6
GNA15,331,h4s6.13,h4s6
GNA15,332,h4s6.14,h4s6
GNA15,333,h4s6.15,h4s6
GNA15,334,h4s6.16,h4s6
GNA15,335,h4s6.17,h4s6
GNA15,336,h4s6.18,h4s6
GNA15,337,h4s6.19,h4s6
GNA15,338,h4s6.20,h4s6
GNA15,339,S6.1,S6
GNA15,340,S6.2,S6
GNA15,341,S6.3,S6
GNA15,342,S6.4,S6
GNA15,343,S6.5,S6
GNA15,344,s6h5.1,s6h5
GNA15,345,s6h5.2,s6h5
GNA15,346,s6h5.3,s6h5
GNA15,347,s6h5.4,s6h5
GNA15,348,s6h5.5,s6h5
GNA15,349,H5.1,H5
GNA15,350,H5.2,H5
GNA15,351,H5.3,H5
GNA15,352,H5.4,H5
GNA15,353,H5.5,H5
GNA15,354,H5.6,H5
GNA15,355,H5.7,H5
GNA15,356,H5.8,H5
GNA15,357,H5.9,H5
GNA15,358,H5.10,H5
GNA15,359,H5.11,H5
GNA15,360,H5.12,H5
GNA15,361,H5.13,H5
GNA15,362,H5.14,H5
GNA15,363,H5.15,H5
GNA15,364,H5.16,H5
GNA15,365,H5.17,H5
GNA15,366,H5.18,H5
GNA15,367,H5.19,H5
GNA15,368,H5.20,H5
GNA15,369,H5.21,H5
GNA15,370,H5.22,H5
GNA15,371,H5.23,H5
GNA15,372,H5.24,H5
GNA15,373,H5.25,H5
GNA15,374,H5.26,H5
GNAI1,1,HN.1,HN
GNAI1,2,HN.2,HN
GNAI1,3,HN.9,HN
GNAI1,4,HN.10,HN
GNAI1,5,HN.11,HN
GNAI1,6,HN.30,HN
GNAI1,7,HN.31,HN
GNAI1,8,HN.32,HN
GNAI1,9,HN.33,HN
GNAI1,10,HN.34,HN
GNAI1,11,HN.35,HN
GNAI1,12,HN.36,HN
GNAI1,13,HN.37,HN
GNAI1,14,HN.38,HN
GNAI1,15,HN.39,HN
GNAI1,16,HN.40,HN
GNAI1,17,HN.41,HN
GNAI1,18,HN.42,HN
GNAI1,19,HN.43,HN
GNAI1,20,HN.44,HN
GNAI1,21,HN.45,HN
GNAI1,22,HN.46,HN
GNAI1,23,HN.47,HN
GNAI1,24,HN.48,HN
GNAI1,25,HN.49,HN
GNAI1,26,HN.50,HN
GNAI1,27,HN.51,HN
GNAI1,28,HN.52,HN
GNAI1,29,HN.53,HN
GNAI1,30,hns1.1,hns1
GNAI1,31,hns1.2,hns1
GNAI1,32,hns1.3,hns1
GNAI1,33,S1.1,S1
GNAI1,34,S1.2,S1
GNAI1,35,S1.3,S1
GNAI1,36,S1.4,S1
GNAI1,37,S1.5,S1
GNAI1,38,S1.6,S1
GNAI1,39,S1.7,S1
GNAI1,40,s1h1.1,s1h1
GNAI1,41,s1h1.2,s1h1
GNAI1,42,s1h1.3,s1h1
GNAI1,43,s1h1.4,s1h1
GNAI1,44,s1h1.5,s1h1
GNAI1,45,s1h1.6,s1h1
GNAI1,46,H1.1,H1
GNAI1,47,H1.2,H1
GNAI1,48,H1.3,H1
GNAI1,49,H1.4,H1
GNAI1,50,H1.5,H1
GNAI1,51,H1.6,H1
GNAI1,52,H1.7,H1
GNAI1,53,H1.8,H1
GNAI1,54,H1.9,H1
GNAI1,55,H1.10,H1
GNAI1,56,H1.11,H1
GNAI1,57,H1.12,H1
GNAI1,58,h1ha.1,h1ha
GNAI1,59,h1ha.2,h1ha
GNAI1,60,h1ha.3,h1ha
GNAI1,61,h1ha.4,h1ha
GNAI1,62,h1ha.5,h1ha
GNAI1,63,HA.1,HA
GNAI1,64,HA.2,HA
GNAI1,65,HA.3,HA
GNAI1,66,HA.4,HA
GNAI1,67,HA.5,HA
GNAI1,68,HA.6,HA
GNAI1,69,HA.7,HA
GNAI1,70,HA.8,HA
GNAI1,71,HA.9,HA
GNAI1,72,HA.10,HA
GNAI1,73,HA.11,HA
GNAI1,74,HA.12,HA
GNAI1,75,HA.13,HA
GNAI1,76,HA.14,HA
GNAI1,77,HA.15,HA
GNAI1,78,HA.16,HA
GNAI1,79,HA.17,HA
GNAI1,80,HA.18,HA
GNAI1,81,HA.19,HA
GNAI1,82,HA.20,HA
GNAI1,83,HA.21,HA
GNAI1,84,HA.22,HA
GNAI1,85,HA.23,HA
GNAI1,86,HA.24,HA
GNAI1,87,HA.25,HA
GNAI1,88,HA.26,HA
GNAI1,89,HA.27,HA
GNAI1,90,HA.28,HA
GNAI1,91,HA.29,HA
GNAI1,92,hahb.1,hahb
GNAI1,93,hahb.4,hahb
GNAI1,94,hahb.5,hahb
GNAI1,95,hahb.6,hahb
GNAI1,96,hahb.7,hahb
GNAI1,97,hahb.8,hahb
GNAI1,98,hahb.9,hahb
GNAI1,99,HB.1,HB
GNAI1,100,HB.2,HB
GNAI1,101,HB.3,HB
GNAI1,102,HB.4,HB
GNAI1,103,HB.5,HB
GNAI1,104,HB.6,HB
GNAI1,105,HB.7,HB
GNAI1,106,HB.8,HB
GNAI1,107,HB.9,HB
GNAI1,108,HB.10,HB
GNAI1,109,HB.11,HB
GNAI1,110,HB.12,HB
GNAI1,111,HB.13,HB
GNAI1,112,HB.14,HB
GNAI1,113,hbhc.1,hbhc
GNAI1,114,hbhc.2,hbhc
GNAI1,115,hbhc.3,hbhc
GNAI1,116,hbhc.4,hbhc
GNAI1,117,hbhc.12,hbhc
GNAI1,118,hbhc.13,hbhc
GNAI1,119,hbhc.14,hbhc
GNAI1,120,hbhc.15,hbhc
GNAI1,121,HC.1,HC
GNAI1,122,HC.2,HC
GNAI1,123,HC.3,HC
GNAI1,124,HC.4,HC
GNAI1,125,HC.5,HC
GNAI1,126,HC.6,HC
GNAI1,127,HC.7,HC
GNAI1,128,HC.8,HC
GNAI1,129,HC.9,HC
GNAI1,130,HC.10,HC
GNAI1,131,HC.11,HC
GNAI1,132,HC.12,HC
GNAI1,133,hchd.1,hchd
GNAI1,134,HD.1,HD
GNAI1,135,HD.2,HD
GNAI1,136,HD.3,HD
GNAI1,137,HD.4,HD
GNAI1,138,HD.5,HD
GNAI1,139,HD.6,HD
GNAI1,140,HD.7,HD
GNAI1,141,HD.8,HD
GNAI1,142,HD.9,HD
GNAI1,143,HD.10,HD
GNAI1,144,HD.11,HD
GNAI1,145,HD.12,HD
GNAI1,146,hdhe.1,hdhe
GNAI1,147,hdhe.2,hdhe
GNAI1,148,hdhe.3,hdhe
GNAI1,149,hdhe.4,hdhe
GNAI1,150,hdhe.5,hdhe
GNAI1,151,HE.1,HE
GNAI1,152,HE.2,HE
GNAI1,153,HE.3,HE
GNAI1,154,HE.4,HE
GNAI1,155,HE.5,HE
GNAI1,156,HE.6,HE
GNAI1,157,HE.7,HE
GNAI1,158,HE.8,HE
GNAI1,159,HE.9,HE
GNAI1,160,HE.10,HE
GNAI1,161,HE.11,HE
GNAI1,162,HE.12,HE
GNAI1,163,HE.13,HE
GNAI1,164,hehf.1,hehf
GNAI1,165,hehf.2,hehf
GNAI1,166,hehf.3,hehf
GNAI1,167,hehf.4,hehf
GNAI1,168,hehf.5,hehf
GNAI1,169,hehf.6,hehf
GNAI1,170,hehf.7,hehf
GNAI1,171,HF.1,HF
GNAI1,172,HF.2,HF
GNAI1,173,HF.3,HF
GNAI1,174,HF.4,HF
GNAI1,175,HF.5,HF
GNAI1,176,HF.6,HF
GNAI1,177,hfs2.1,hfs2
GNAI1,178,hfs2.2,hfs2
GNAI1,179,hfs2.3,hfs2
GNAI1,180,hfs2.4,hfs2
GNAI1,181,hfs2.5,hfs2
GNAI1,182,hfs2.6,hfs2
GNAI1,183,hfs2.7,hfs2
GNAI1,184,S2.1,S2
GNAI1,185,S2.2,S2
GNAI1,186,S2.3,S2
GNAI1,187,S2.4,S2
GNAI1,188,S2.5,S2
GNAI1,189,S2.6,S2
GNAI1,190,S2.7,S2
GNAI1,191,S2.8,S2
GNAI1,192,s2s3.1,s2s3
GNAI1,193,s2s3.2,s2s3
GNAI1,194,S3.1,S3
GNAI1,195,S3.2,S3
GNAI1,196,S3.3,S3
GNAI1,197,S3.4,S3
GNAI1,198,S3.5,S3
GNAI1,199,S3.6,S3
GNAI1,200,S3.7,S3
GNAI1,201,S3.8,S3
GNAI1,202,s3h2.1,s3h2
GNAI1,203,s3h2.2,s3h2
GNAI1,204,s3h2.3,s3h2
GNAI1,205,H2.1,H2
GNAI1,206,H2.2,H2
GNAI1,207,H2.3,H2
GNAI1,208,H2.4,H2
GNAI1,209,H2.5,H2
GNAI1,210,H2.6,H2
GNAI1,211,H2.7,H2
GNAI1,212,H2.8,H2
GNAI1,213,H2.9,H2
GNAI1,214,H2.10,H2
GNAI1,215,h2s4.1,h2s4
GNAI1,216,h2s4.2,h2s4
GNAI1,217,h2s4.3,h2s4
GNAI1,218,h2s4.4,h2s4
GNAI1,219,h2s4.5,h2s4
GNAI1,220,S4.1,S4
GNAI1,221,S4.2,S4
GNAI1,222,S4.3,S4
GNAI1,223,S4.4,S4
GNAI1,224,S4.5,S4
GNAI1,225,S4.6,S4
GNAI1,226,S4.7,S4
GNAI1,227,s4h3.1,s4h3
GNAI1,228,s4h3.2,s4h3
GNAI1,229,s4h3.3,s4h3
GNAI1,230,s4h3.4,s4h3
GNAI1,231,s4h3.5,s4h3
GNAI1,232,s4h3.6,s4h3
GNAI1,233,s4h3.7,s4h3
GNAI1,234,s4h3.8,s4h3
GNAI1,235,s4h3.9,s4h3
GNAI1,236,s4h3.10,s4h3
GNAI1,237,s4h3.11,s4h3
GNAI1,238,s4h3.12,s4h3
GNAI1,239,s4h3.13,s4h3
GNAI1,240,s4h3.14,s4h3
GNAI1,241,s4h3.15,s4h3
GNAI1,242,H3.1,H3
GNAI1,243,H3.2,H3
GNAI1,244,H3.3,H3
GNAI1,245,H3.4,H3
GNAI1,246,H3.5,H3
GNAI1,247,H3.6,H3
GNAI1,248,H3.7,H3
GNAI1,249,H3.8,H3
GNAI1,250,H3.9,H3
GNAI1,251,H3.10,H3
GNAI1,252,H3.11,H3
GNAI1,253,H3.12,H3
GNAI1,254,H3.13,H3
GNAI1,255,H3.14,H3
GNAI1,256,H3.15,H3
GNAI1,257,H3.16,H3
GNAI1,258,H3.17,H3
GNAI1,259,H3.18,H3
GNAI1,260,h3s5.1,h3s5
GNAI1,261,h3s5.2,h3s5
GNAI1,262,h3s5.3,h3s5
GNAI1,263,S5.1,S5
GNAI1,264,S5.2,S5
GNAI1,265,S5.3,S5
GNAI1,266,S5.4,S5
GNAI1,267,S5.5,S5
GNAI1,268,S5.6,S5
GNAI1,269,S5.7,S5
GNAI1,270,s5hg.1,s5hg
GNAI1,271,HG.1,HG
GNAI1,272,HG.2,HG
GNAI1,273,HG.3,HG
GNAI1,274,HG.4,HG
GNAI1,275,HG.5,HG
GNAI1,276,HG.6,HG
GNAI1,277,HG.7,HG
GNAI1,278,HG.8,HG
GNAI1,279,HG.9,HG
GNAI1,280,HG.12,HG
GNAI1,281,HG.13,HG
GNAI1,282,HG.14,HG
GNAI1,283,HG.15,HG
GNAI1,284,HG.16,HG
GNAI1,285,HG.17,HG
GNAI1,286,hgh4.1,hgh4
GNAI1,287,hgh4.2,hgh4
GNAI1,288,hgh4.3,hgh4
GNAI1,289,hgh4.4,hgh4
GNAI1,290,hgh4.5,hgh4
GNAI1,291,hgh4.6,hgh4
GNAI1,292,hgh4.7,hgh4
GNAI1,293,hgh4.8,hgh4
GNAI1,294,hgh4.9,hgh4
GNAI1,295,hgh4.10,hgh4
GNAI1,296,H4.1,H4
GNAI1,297,H4.2,H4
GNAI1,298,H4.3,H4
GNAI1,299,H4.4,H4
GNAI1,300,H4.5,H4
GNAI1,301,H4.6,H4
GNAI1,302,H4.20,H4
GNAI1,303,H4.21,H4
GNAI1,304,H4.22,H4
GNAI1,305,H4.23,H4
GNAI1,306,H4.24,H4
GNAI1,307,H4.25,H4
GNAI1,308,H4.26,H4
GNAI1,309,H4.27,H4
GNAI1,310,h4s6.1,h4s6
GNAI1,311,h4s6.2,h4s6
GNAI1,312,h4s6.3,h4s6
GNAI1,313,h4s6.4,h4s6
GNAI1,314,h4s6.8,h4s6
GNAI1,315,h4s6.9,h4s6
GNAI1,316,h4s6.10,h4s6
GNAI1,317,h4s6.11,h4s6
GNAI1,318,h4s6.12,h4s6
GNAI1,319,S6.1,S6
GNAI1,320,S6.2,S6
GNAI1,321,S6.3,S6
GNAI1,322,S6.4,S6
GNAI1,323,S6.5,S6
GNAI1,324,s6h5.1,s6h5
GNAI1,325,s6h5.2,s6h5
GNAI1,326,s6h5.3,s6h5
GNAI1,327,s6h5.4,s6h5
GNAI1,328,s6h5.5,s6h5
GNAI1,329,H5.1,H5
GNAI1,330,H5.2,H5
GNAI1,331,H5.3,H5
GNAI1,332,H5.4,H5
GNAI1,333,H5.5,H5
GNAI1,334,H5.6,H5
GNAI1,335,H5.7,H5
GNAI1,336,H5.8,H5
GNAI1,337,H5.9,H5
GNAI1,338,H5.10,H5
GNAI1,339,H5.11,H5
GNAI1,340,H5.12,H5
GNAI1,341,H5.13,H5
GNAI1,342,H5.14,H5
GNAI1,343,H5.15,H5
GNAI1,344,H5.16,H5
GNAI1,345,H5.17,H5
GNAI1,346,H5.18,H5
GNAI1,347,H5.19,H5
GNAI1,348,H5.20,H5
GNAI1,349,H5.21,H5
GNAI1,350,H5.22,H5
GNAI1,351,H5.23,H5
GNAI1,352,H5.24,H5
GNAI1,353,H5.25,H5
GNAI1,354,H5.26,H5
GNAI2,1,HN.1,HN
GNAI2,2,HN.2,HN
GNAI2,3,HN.9,HN
GNAI2,4,HN.10,HN
GNAI2,5,HN.11,HN
GNAI2,6,HN.30,HN
GNAI2,7,HN.31,HN
GNAI2,8,HN.32,HN
GNAI2,9,HN.33,HN
GNAI2,10,HN.34,HN
GNAI2,11,HN.35,HN
GNAI2,12,HN.36,HN
GNAI2,13,HN.37,HN
GNAI2,14,HN.38,HN
GNAI2,15,HN.39,HN
GNAI2,16,HN.40,HN
GNAI2,17,HN.41,HN
GNAI2,18,HN.42,HN
GNAI2,19,HN.43,HN
GNAI2,20,HN.44,HN
GNAI2,21,HN.45,HN
GNAI2,22,HN.46,HN
GNAI2,23,HN.47,HN
GNAI2,24,HN.48,HN
GNAI2,25,HN.49,HN
GNAI2,26,HN.50,HN
GNAI2,27,HN.51,HN
GNAI2,28,HN.52,HN
GNAI2,29,HN.53,HN
GNAI2,30,hns1.1,hns1
GNAI2,31,hns1.2,hns1
GNAI2,32,hns1.3,hns1
GNAI2,33,S1.1,S1
GNAI2,34,S1.2,S1
GNAI2,35,S1.3,S1
GNAI2,36,S1.4,S1
GNAI2,37,S1.5,S1
GNAI2,38,S1.6,S1
GNAI2,39,S1.7,S1
GNAI2,40,s1h1.1,s1h1
GNAI2,41,s1h1.2,s1h1
GNAI2,42,s1h1.3,s1h1
GNAI2,43,s1h1.4,s1h1
GNAI2,44,s1h1.5,s1h1
GNAI2,45,s1h1.6,s1h1
GNAI2,46,H1.1,H1
GNAI2,47,H1.2,H1
GNAI2,48,H1.3,H1
GNAI2,49,H1.4,H1
GNAI2,50,H1.5,H1
GNAI2,51,H1.6,H1
GNAI2,52,H1.7,H1
GNAI2,53,H1.8,H1
GNAI2,54,H1.9,H1
GNAI2,55,H1.10,H1
GNAI2,56,H1.11,H1
GNAI2,57,H1.12,H1
GNAI2,58,h1ha.1,h1ha
GNAI2,59,h1ha.2,h1ha
GNAI2,60,h1ha.3,h1ha
GNAI2,61,h1ha.4,h1ha
GNAI2,62,h1ha.5,h1ha
GNAI2,63,HA.1,HA
GNAI2,64,HA.2,HA
GNAI2,65,HA.3,HA
GNAI2,66,HA.4,HA
GNAI2,67,HA.5,HA
GNAI2,68,HA.6,HA
GNAI2,69,HA.7,HA
GNAI2,70,HA.8,HA
GNAI2,71,HA.9,HA
GNAI2,72,HA.10,HA
GNAI2,73,HA.11,HA
GNAI2,74,HA.12,HA
GNAI2,75,HA.13,HA
GNAI2,76,HA.14,HA
GNAI2,77,HA.15,HA
GNAI2,78,HA.16,HA
GNAI2,79,HA.17,HA
GNAI2,80,HA.18,HA
GNAI2,81,HA.19,HA
GNAI2,82,HA.20,HA
GNAI2,83,HA.21,HA
GNAI2,84,HA.22,HA
GNAI2,85,HA.23,HA
GNAI2,86,HA.24,HA
GNAI2,87,HA.25,HA
GNAI2,88,HA.26,HA
GNAI2,89,HA.27,HA
GNAI2,90,HA.28,HA
GNAI2,91,HA.29,HA
GNAI2,92,hahb.1,hahb
GNAI2,93,hahb.4,hahb
GNAI2,94,hahb.5,hahb
GNAI2,95,hahb.6,hahb
GNAI2,96,hahb.7,hahb
GNAI2,97,hahb.8,hahb
GNAI2,98,hahb.9,hahb
GNAI2,99,HB.1,HB
GNAI2,100,HB.2,HB
GNAI2,101,HB.3,HB
GNAI2,102,HB.4,HB
GNAI2,103,HB.5,HB
GNAI2,104,HB.6,HB
GNAI2,105,HB.7,HB
GNAI2,106,HB.8,HB
GNAI2,107,HB.9,HB
GNAI2,108,HB.10,HB
GNAI2,109,HB.11,HB
GNAI2,110,HB.12,HB
GNAI2,111,HB.13,HB
GNAI2,112,HB.14,HB
GNAI2,113,hbhc.1,hbhc
GNAI2,114,hbhc.2,hbhc
GNAI2,115,hbhc.3,hbhc
GNAI2,116,hbhc.4,hbhc
GNAI2,117,hbhc.11,hbhc
GNAI2,118,hbhc.12,hbhc
GNAI2,119,hbhc.13,hbhc
GNAI2,120,hbhc.14,hbhc
GNAI2,121,hbhc.15,hbhc
GNAI2,122,HC.1,HC
GNAI2,123,HC.2,HC
GNAI2,124,HC.3,HC
GNAI2,125,HC.4,HC
GNAI2,126,HC.5,HC
GNAI2,127,HC.6,HC
GNAI2,128,HC.7,HC
GNAI2,129,HC.8,HC
GNAI2,130,HC.9,HC
GNAI2,131,HC.10,HC
GNAI2,132,HC.11,HC
GNAI2,133,HC.12,HC
GNAI2,134,hchd.1,hchd
GNAI2,135,HD.1,HD
GNAI2,136,HD.2,HD
GNAI2,137,HD.3,HD
GNAI2,138,HD.4,HD
GNAI2,139,HD.5,HD
GNAI2,140,HD.6,HD
GNAI2,141,HD.7,HD
GNAI2,142,HD.8,HD
GNAI2,143,HD.9,HD
GNAI2,144,HD.10,HD
GNAI2,145,HD.11,HD
GNAI2,146,HD.12,HD
GNAI2,147,hdhe.1,hdhe
GNAI2,148,hdhe.2,hdhe
GNAI2,149,hdhe.3,hdhe
GNAI2,150,hdhe.4,hdhe
GNAI2,151,hdhe.5,hdhe
GNAI2,152,HE.1,HE
GNAI2,153,HE.2,HE
GNAI2,154,HE.3,HE
GNAI2,155,HE.4,HE
GNAI2,156,HE.5,HE
GNAI2,157,HE.6,HE
GNAI2,158,HE.7,HE
GNAI2,159,HE.8,HE
GNAI2,160,HE.9,HE
GNAI2,161,HE.10,HE
GNAI2,162,HE.11,HE
GNAI2,163,HE.12,HE
GNAI2,164,HE.13,HE
GNAI2,165,hehf.1,hehf
GNAI2,166,hehf.2,hehf
GNAI2,167,hehf.3,hehf
GNAI2,168,hehf.4,hehf
GNAI2,169,hehf.5,hehf
GNAI2,170,hehf.6,hehf
GNAI2,171,hehf.7,hehf
GNAI2,172,HF.1,HF
GNAI2,173,HF.2,HF
GNAI2,174,HF.3,HF
GNAI2,175,HF.4,HF
GNAI2,176,HF.5,HF
GNAI2,177,HF.6,HF
GNAI2,178,hfs2.1,hfs2
GNAI2,179,hfs2.2,hfs2
GNAI2,180,hfs2.3,hfs2
GNAI2,181,hfs2.4,hfs2
GNAI2,182,hfs2.5,hfs2
GNAI2,183,hfs2.6,hfs2
GNAI2,184,hfs2.7,hfs2
GNAI2,185,S2.1,S2
GNAI2,186,S2.2,S2
GNAI2,187,S2.3,S2
GNAI2,188,S2.4,S2
GNAI2,189,S2.5,S2
GNAI2,190,S2.6,S2
GNAI2,191,S2.7,S2
GNAI2,192,S2.8,S2
GNAI2,193,s2s3.1,s2s3
GNAI2,194,s2s3.2,s2s3
GNAI2,195,S3.1,S3
GNAI2,196,S3.2,S3
GNAI2,197,S3.3,S3
GNAI2,198,S3.4,S3
GNAI2,199,S3.5,S3
GNAI2,200,S3.6,S3
GNAI2,201,S3.7,S3
GNAI2,202,S3.8,S3
GNAI2,203,s3h2.1,s3h2
GNAI2,204,s3h2.2,s3h2
GNAI2,205,s3h2.3,s3h2
GNAI2,206,H2.1,H2
GNAI2,207,H2.2,H2
GNAI2,208,H2.3,H2
GNAI2,209,H2.4,H2
GNAI2,210,H2.5,H2
GNAI2,211,H2.6,H2
GNAI2,212,H2.7,H2
GNAI2,213,H2.8,H2
GNAI2,214,H2.9,H2
GNAI2,215,H2.10,H2
GNAI2,216,h2s4.1,h2s4
GNAI2,217,h2s4.2,h2s4
GNAI2,218,h2s4.3,h2s4
GNAI2,219,h2s4.4,h2s4
GNAI2,220,h2s4.5,h2s4
GNAI2,221,S4.1,S4
GNAI2,222,S4.2,S4
GNAI2,223,S4.3,S4
GNAI2,224,S4.4,S4
GNAI2,225,S4.5,S4
GNAI2,226,S4.6,S4
GNAI2,227,S4.7,S4
GNAI2,228,s4h3.1,s4h3
GNAI2,229,s4h3.2,s4h3
GNAI2,230,s4h3.3,s4h3
GNAI2,231,s4h3.4,s4h3
GNAI2,232,s4h3.5,s4h3
GNAI2,233,s4h3.6,s4h3
GNAI2,234,s4h3.7,s4h3
GNAI2,235,s4h3.8,s4h3
GNAI2,236,s4h3.9,s4h3
GNAI2,237,s4h3.10,s4h3
GNAI2,238,s4h3.11,s4h3
GNAI2,239,s4h3.12,s4h3
GNAI2,240,s4h3.13,s4h3
GNAI2,241,s4h3.14,s4h3
GNAI2,242,s4h3.15,s4h3
GNAI2,243,H3.1,H3
GNAI2,244,H3.2,H3
GNAI2,245,H3.3,H3
GNAI2,246,H3.4,H3
GNAI2,247,H3.5,H3
GNAI2,248,H3.6,H3
GNAI2,249,H3.7,H3
GNAI2,250,H3.8,H3
GNAI2,251,H3.9,H3
GNAI2,252,H3.10,H3
GNAI2,253,H3.11,H3
GNAI2,254,H3.12,H3
GNAI2,255,H3.13,H3
GNAI2,256,H3.14,H3
GNAI2,257,H3.15,H3
GNAI2,258,H3.16,H3
GNAI2,259,H3.17,H3
GNAI2,260,H3.18,H3
GNAI2,261,h3s5.1,h3s5
GNAI2,262,h3s5.2,h3s5
GNAI2,263,h3s5.3,h3s5
GNAI2,264,S5.1,S5
GNAI2,265,S5.2,S5
GNAI2,266,S5.3,S5
GNAI2,267,S5.4,S5
GNAI2,268,S5.5,S5
GNAI2,269,S5.6,S5
GNAI2,270,S5.7,S5
GNAI2,271,s5hg.1,s5hg
GNAI2,272,HG.1,HG
GNAI2,273,HG.2,HG
GNAI2,274,HG.3,HG
GNAI2,275,HG.4,HG
GNAI2,276,HG.5,HG
GNAI2,277,HG.6,HG
GNAI2,278,HG.7,HG
GNAI2,279,HG.8,HG
GNAI2,280,HG.9,HG
GNAI2,281,HG.12,HG
GNAI2,282,HG.13,HG
GNAI2,283,HG.14,HG
GNAI2,284,HG.15,HG
GNAI2,285,HG.16,HG
GNAI2,286,HG.17,HG
GNAI2,287,hgh4.1,hgh4
GNAI2,288,hgh4.2,hgh4
GNAI2,289,hgh4.3,hgh4
GNAI2,290,hgh4.4,hgh4
GNAI2,291,hgh4.5,hgh4
GNAI2,292,hgh4.6,hgh4
GNAI2,293,hgh4.7,hgh4
GNAI2,294,hgh4.8,hgh4
GNAI2,295,hgh4.9,hgh4
GNAI2,296,hgh4.10,hgh4
GNAI2,297,H4.1,H4
GNAI2,298,H4.2,H4
GNAI2,299,H4.3,H4
GNAI2,300,H4.4,H4
GNAI2,301,H4.5,H4
GNAI2,302,H4.6,H4
GNAI2,303,H4.20,H4
GNAI2,304,H4.21,H4
GNAI2,305,H4.22,H4
GNAI2,306,H4.23,H4
GNAI2,307,H4.24,H4
GNAI2,308,H4.25,H4
GNAI2,309,H4.26,H4
GNAI2,310,H4.27,H4
GNAI2,311,h4s6.1,h4s6
GNAI2,312,h4s6.2,h4s6
GNAI2,313,h4s6.3,h4s6
GNAI2,314,h4s6.4,h4s6
GNAI2,315,h4s6.8,h4s6
GNAI2,316,h4s6.9,h4s6
GNAI2,317,h4s6.10,h4s6
GNAI2,318,h4s6.11,h4s6
GNAI2,319,h4s6.12,h4s6
GNAI2,320,S6.1,S6
GNAI2,321,S6.2,S6
GNAI2,322,S6.3,S6
GNAI2,323,S6.4,S6
GNAI2,324,S6.5,S6
GNAI2,325,s6h5.1,s6h5
GNAI2,326,s6h5.2,s6h5
GNAI2,327,s6h5.3,s6h5
GNAI2,328,s6h5.4,s6h5
GNAI2,329,s6h5.5,s6h5
GNAI2,330,H5.1,H5
GNAI2,331,H5.2,H5
GNAI2,332,H5.3,H5
GNAI2,333,H5.4,H5
GNAI2,334,H5.5,H5
GNAI2,335,H5.6,H5
GNAI2,336,H5.7,H5
GNAI2,337,H5.8,H5
GNAI2,338,H5.9,H5
GNAI2,339,H5.10,H5
GNAI2,340,H5.11,H5
GNAI2,341,H5.12,H5
GNAI2,342,H5.13,H5
GNAI2,343,H5.14,H5
GNAI2,344,H5.15,H5
GNAI2,345,H5.16,H5
GNAI2,346,H5.17,H5
GNAI2,347,H5.18,H5
GNAI2,348,H5.19,H5
GNAI2,349,H5.20,H5
GNAI2,350,H5.21,H5
GNAI2,351,H5.22,H5
GNAI2,352,H5.23,H5
GNAI2,353,H5.24,H5
GNAI2,354,H5.25,H5
GNAI2,355,H5.26,H5
GNAI3,1,HN.1,HN
GNAI3,2,HN.2,HN
GNAI3,3,HN.9,HN
GNAI3,4,HN.10,HN
GNAI3,5,HN.11,HN
GNAI3,6,HN.30,HN
GNAI3,7,HN.31,HN
GNAI3,8,HN.32,HN
GNAI3,9,HN.33,HN
GNAI3,10,HN.34,HN
GNAI3,11,HN.35,HN
GNAI3,12,HN.36,HN
GNAI3,13,HN.37,HN
GNAI3,14,HN.38,HN
GNAI3,15,HN.39,HN
GNAI3,16,HN.40,HN
GNAI3,17,HN.41,HN
GNAI3,18,HN.42,HN
GNAI3,19,HN.43,HN
GNAI3,20,HN.44,HN
GNAI3,21,HN.45,HN
GNAI3,22,HN.46,HN
GNAI3,23,HN.47,HN
GNAI3,24,HN.48,HN
GNAI3,25,HN.49,HN
GNAI3,26,HN.50,HN
GNAI3,27,HN.51,HN
GNAI3,28,HN.52,HN
GNAI3,29,HN.53,HN
GNAI3,30,hns1.1,hns1
GNAI3,31,hns1.2,hns1
GNAI3,32,hns1.3,hns1
GNAI3,33,S1.1,S1
GNAI3,34,S1.2,S1
GNAI3,35,S1.3,S1
GNAI3,36,S1.4,S1
GNAI3,37,S1.5,S1
GNAI3,38,S1.6,S1
GNAI3,39,S1.7,S1
GNAI3,40,s1h1.1,s1h1
GNAI3,41,s1h1.2,s1h1
GNAI3,42,s1h1.3,s1h1
GNAI3,43,s1h1.4,s1h1
GNAI3,44,s1h1.5,s1h1
GNAI3,45,s1h1.6,s1h1
GNAI3,46,H1.1,H1
GNAI3,47,H1.2,H1
GNAI3,48,H1.3,H1
GNAI3,49,H1.4,H1
GNAI3,50,H1.5,H1
GNAI3,51,H1.6,H1
GNAI3,52,H1.7,H1
GNAI3,53,H1.8,H1
GNAI3,54,H1.9,H1
GNAI3,55,H1.10,H1
GNAI3,56,H1.11,H1
GNAI3,57,H1.12,H1
GNAI3,58,h1ha.1,h1ha
GNAI3,59,h1ha.2,h1ha
GNAI3,60,h1ha.3,h1ha
GNAI3,61,h1ha.4,h1ha
GNAI3,62,h1ha.5,h1ha
GNAI3,63,HA.1,HA
GNAI3,64,HA.2,HA
GNAI3,65,HA.3,HA
GNAI3,66,HA.4,HA
GNAI3,67,HA.5,HA
GNAI3,68,HA.6,HA
GNAI3,69,HA.7,HA
GNAI3,70,HA.8,HA
GNAI3,71,HA.9,HA
GNAI3,72,HA.10,HA
GNAI3,73,HA.11,HA
GNAI3,74,HA.12,HA
GNAI3,75,HA.13,HA
GNAI3,76,HA.14,HA
GNAI3,77,HA.15,HA
GNAI3,78,HA.16,HA
GNAI3,79,HA.17,HA
GNAI3,80,HA.18,HA
GNAI3,81,HA.19,HA
GNAI3,82,HA.20,HA
GNAI3,83,HA.21,HA
GNAI3,84,HA.22,HA
GNAI3,85,HA.23,HA
GNAI3,86,HA.24,HA
GNAI3,87,HA.25,HA
GNAI3,88,HA.26,HA
GNAI3,89,HA.27,HA
GNAI3,90,HA.28,HA
GNAI3,91,HA.29,HA
GNAI3,92,hahb.1,hahb
GNAI3,93,hahb.4,hahb
GNAI3,94,hahb.5,hahb
GNAI3,95,hahb.6,hahb
GNAI3,96,hahb.7,hahb
GNAI3,97,hahb.8,hahb
GNAI3,98,hahb.9,hahb
GNAI3,99,HB.1,HB
GNAI3,100,HB.2,HB
GNAI3,101,HB.3,HB
GNAI3,102,HB.4,HB
GNAI3,103,HB.5,HB
GNAI3,104,HB.6,HB
GNAI3,105,HB.7,HB
GNAI3,106,HB.8,HB
GNAI3,107,HB.9,HB
GNAI3,108,HB.10,HB
GNAI3,109,HB.11,HB
GNAI3,110,HB.12,HB
GNAI3,111,HB.13,HB
GNAI3,112,HB.14,HB
GNAI3,113,hbhc.1,hbhc
GNAI3,114,hbhc.2,hbhc
GNAI3,115,hbhc.3,hbhc
GNAI3,116,hbhc.4,hbhc
GNAI3,117,hbhc.12,hbhc
GNAI3,118,hbhc.13,hbhc
GNAI3,119,hbhc.14,hbhc
GNAI3,120,hbhc.15,hbhc
GNAI3,121,HC.1,HC
GNAI3,122,HC.2,HC
GNAI3,123,HC.3,HC
GNAI3,124,HC.4,HC
GNAI3,125,HC.5,HC
GNAI3,126,HC.6,HC
GNAI3,127,HC.7,HC
GNAI3,128,HC.8,HC
GNAI3,129,HC.9,HC
GNAI3,130,HC.10,HC
GNAI3,131,HC.11,HC
GNAI3,132,HC.12,HC
GNAI3,133,hchd.1,hchd
GNAI3,134,HD.1,HD
GNAI3,135,HD.2,HD
GNAI3,136,HD.3,HD
GNAI3,137,HD.4,HD
GNAI3,138,HD.5,HD
GNAI3,139,HD.6,HD
GNAI3,140,HD.7,HD
GNAI3,141,HD.8,HD
GNAI3,142,HD.9,HD
GNAI3,143,HD.10,HD
GNAI3,144,HD.11,HD
GNAI3,145,HD.12,HD
GNAI3,146,hdhe.1,hdhe
GNAI3,147,hdhe.2,hdhe
GNAI3,148,hdhe.3,hdhe
GNAI3,149,hdhe.4,hdhe
GNAI3,150,hdhe.5,hdhe
GNAI3,151,HE.1,HE
GNAI3,152,HE.2,HE
GNAI3,153,HE.3,HE
GNAI3,154,HE.4,HE
GNAI3,155,HE.5,HE
GNAI3,156,HE.6,HE
GNAI3,157,HE.7,HE
GNAI3,158,HE.8,HE
GNAI3,159,HE.9,HE
GNAI3,160,HE.10,HE
GNAI3,161,HE.11,HE
GNAI3,162,HE.12,HE
GNAI3,163,HE.13,HE
GNAI3,164,hehf.1,hehf
GNAI3,165,hehf.2,hehf
GNAI3,166,hehf.3,hehf
GNAI3,167,hehf.4,hehf
GNAI3,168,hehf.5,hehf
GNAI3,169,hehf.6,hehf
GNAI3,170,hehf.7,hehf
GNAI3,171,HF.1,HF
GNAI3,172,HF.2,HF
GNAI3,173,HF.3,HF
GNAI3,174,HF.4,HF
GNAI3,175,HF.5,HF
GNAI3,176,HF.6,HF
GNAI3,177,hfs2.1,hfs2
GNAI3,178,hfs2.2,hfs2
GNAI3,179,hfs2.3,hfs2
GNAI3,180,hfs2.4,hfs2
GNAI3,181,hfs2.5,hfs2
GNAI3,182,hfs2.6,hfs2
GNAI3,183,hfs2.7,hfs2
GNAI3,184,S2.1,S2
GNAI3,185,S2.2,S2
GNAI3,186,S2.3,S2
GNAI3,187,S2.4,S2
GNAI3,188,S2.5,S2
GNAI3,189,S2.6,S2
GNAI3,190,S2.7,S2
GNAI3,191,S2.8,S2
GNAI3,192,s2s3.1,s2s3
GNAI3,193,s2s3.2,s2s3
GNAI3,194,S3.1,S3
GNAI3,195,S3.2,S3
GNAI3,196,S3.3,S3
GNAI3,197,S3.4,S3
GNAI3,198,S3.5,S3
GNAI3,199,S3.6,S3
GNAI3,200,S3.7,S3
GNAI3,201,S3.8,S3
GNAI3,202,s3h2.1,s3h2
GNAI3,203,s3h2.2,s3h2
GNAI3,204,s3h2.3,s3h2
GNAI3,205,H2.1,H2
GNAI3,206,H2.2,H2
GNAI3,207,H2.3,H2
GNAI3,208,H2.4,H2
GNAI3,209,H2.5,H2
GNAI3,210,H2.6,H2
GNAI3,211,H2.7,H2
GNAI3,212,H2.8,H2
GNAI3,213,H2.9,H2
GNAI3,214,H2.10,H2
GNAI3,215,h2s4.1,h2s4
GNAI3,216,h2s4.2,h2s4
GNAI3,217,h2s4.3,h2s4
GNAI3,218,h2s4.4,h2s4
GNAI3,219,h2s4.5,h2s4
GNAI3,220,S4.1,S4
GNAI3,221,S4.2,S4
GNAI3,222,S4.3,S4
GNAI3,223,S4.4,S4
GNAI3,224,S4.5,S4
GNAI3,225,S4.6,S4
GNAI3,226,S4.7,S4
GNAI3,227,s4h3.1,s4h3
GNAI3,228,s4h3.2,s4h3
GNAI3,229,s4h3.3,s4h3
GNAI3,230,s4h3.4,s4h3
GNAI3,231,s4h3.5,s4h3
GNAI3,232,s4h3.6,s4h3
GNAI3,233,s4h3.7,s4h3
GNAI3,234,s4h3.8,s4h3
GNAI3,235,s4h3.9,s4h3
GNAI3,236,s4h3.10,s4h3
GNAI3,237,s4h3.11,s4h3
GNAI3,238,s4h3.12,s4h3
GNAI3,239,s4h3.13,s4h3
GNAI3,240,s4h3.14,s4h3
GNAI3,241,s4h3.15,s4h3
GNAI3,242,H3.1,H3
GNAI3,243,H3.2,H3
GNAI3,244,H3.3,H3
GNAI3,245,H3.4,H3
GNAI3,246,H3.5,H3
GNAI3,247,H3.6,H3
GNAI3,248,H3.7,H3
GNAI3,249,H3.8,H3
GNAI3,250,H3.9,H3
GNAI3,251,H3.10,H3
GNAI3,252,H3.11,H3
GNAI3,253,H3.12,H3
GNAI3,254,H3.13,H3
GNAI3,255,H3.14,H3
GNAI3,256,H3.15,H3
GNAI3,257,H3.16,H3
GNAI3,258,H3.17,H3
GNAI3,259,H3.18,H3
GNAI3,260,h3s5.1,h3s5
GNAI3,261,h3s5.2,h3s5
GNAI3,262,h3s5.3,h3s5
GNAI3,263,S5.1,S5
GNAI3,264,S5.2,S5
GNAI3,265,S5.3,S5
GNAI3,266,S5.4,S5
GNAI3,267,S5.5,S5
GNAI3,268,S5.6,S5
GNAI3,269,S5.7,S5
GNAI3,270,s5hg.1,s5hg
GNAI3,271,HG.1,HG
GNAI3,272,HG.2,HG
GNAI3,273,HG.3,HG
GNAI3,274,HG.4,HG
GNAI3,275,HG.5,HG
GNAI3,276,HG.6,HG
GNAI3,277,HG.7,HG
GNAI3,278,HG.8,HG
GNAI3,279,HG.9,HG
GNAI3,280,HG.12,HG
GNAI3,281,HG.13,HG
GNAI3,282,HG.14,HG
GNAI3,283,HG.15,HG
GNAI3,284,HG.16,HG
GNAI3,285,HG.17,HG
GNAI3,286,hgh4.1,hgh4
GNAI3,287,hgh4.2,hgh4
GNAI3,288,hgh4.3,hgh4
GNAI3,289,hgh4.4,hgh4
GNAI3,290,hgh4.5,hgh4
GNAI3,291,hgh4.6,hgh4
GNAI3,292,hgh4.7,hgh4
GNAI3,293,hgh4.8,hgh4
GNAI3,294,hgh4.9,hgh4
GNAI3,295,hgh4.10,hgh4
GNAI3,296,H4.1,H4
GNAI3,297,H4.2,H4
GNAI3,298,H4.3,H4
GNAI3,299,H4.4,H4
GNAI3,300,H4.5,H4
GNAI3,301,H4.6,H4
GNAI3,302,H4.20,H4
GNAI3,303,H4.21,H4
GNAI3,304,H4.22,H4
GNAI3,305,H4.23,H4
GNAI3,306,H4.24,H4
GNAI3,307,H4.25,H4
GNAI3,308,H4.26,H4
GNAI3,309,H4.27,H4
GNAI3,310,h4s6.1,h4s6
GNAI3,311,h4s6.2,h4s6
GNAI3,312,h4s6.3,h4s6
GNAI3,313,h4s6.4,h4s6
GNAI3,314,h4s6.8,h4s6
GNAI3,315,h4s6.9,h4s6
GNAI3,316,h4s6.10,h4s6
GNAI3,317,h4s6.11,h4s6
GNAI3,318,h4s6.12,h4s6
GNAI3,319,S6.1,S6
GNAI3,320,S6.2,S6
GNAI3,321,S6.3,S6
GNAI3,322,S6.4,S6
GNAI3,323,S6.5,S6
GNAI3,324,s6h5.1,s6h5
GNAI3,325,s6h5.2,s6h5
GNAI3,326,s6h5.3,s6h5
GNAI3,327,s6h5.4,s6h5
GNAI3,328,s6h5.5,s6h5
GNAI3,329,H5.1,H5
GNAI3,330,H5.2,H5
GNAI3,331,H5.3,H5
GNAI3,332,H5.4,H5
GNAI3,333,H5.5,H5
GNAI3,334,H5.6,H5
GNAI3,335,H5.7,H5
GNAI3,336,H5.8,H5
GNAI3,337,H5.9,H5
GNAI3,338,H5.10,H5
GNAI3,339,H5.11,H5
GNAI3,340,H5.12,H5
GNAI3,341,H5.13,H5
GNAI3,342,H5.14,H5
GNAI3,343,H5.15,H5
GNAI3,344,H5.16,H5
GNAI3,345,H5.17,H5
GNAI3,346,H5.18,H5
GNAI3,347,H5.19,H5
GNAI3,348,H5.20,H5
GNAI3,349,H5.21,H5
GNAI3,350,H5.22,H5
GNAI3,351,H5.23,H5
GNAI3,352,H5.24,H5
GNAI3,353,H5.25,H5
GNAI3,354,H5.26,H5
GNAL,1,HN.1,HN
GNAL,2,HN.2,HN
GNAL,3,HN.9,HN
GNAL,4,HN.10,HN
GNAL,5,HN.11,HN
GNAL,6,HN.21,HN
GNAL,7,HN.22,HN
GNAL,8,HN.23,HN
GNAL,9,HN.24,HN
GNAL,10,HN.25,HN
GNAL,11,HN.26,HN
GNAL,12,HN.27,HN
GNAL,13,HN.28,HN
GNAL,14,HN.29,HN
GNAL,15,HN.30,HN
GNAL,16,HN.31,HN
GNAL,17,HN.32,HN
GNAL,18,HN.33,HN
GNAL,19,HN.34,HN
GNAL,20,HN.35,HN
GNAL,21,HN.36,HN
GNAL,22,HN.37,HN
GNAL,23,HN.38,HN
GNAL,24,HN.39,HN
GNAL,25,HN.40,HN
GNAL,26,HN.41,HN
GNAL,27,HN.42,HN
GNAL,28,HN.43,HN
GNAL,29,HN.44,HN
GNAL,30,HN.45,HN
GNAL,31,HN.46,HN
GNAL,32,HN.47,HN
GNAL,33,HN.48,HN
GNAL,34,HN.49,HN
GNAL,35,HN.50,HN
GNAL,36,HN.51,HN
GNAL,37,HN.52,HN
GNAL,38,HN.53,HN
GNAL,39,hns1.1,hns1
GNAL,40,hns1.2,hns1
GNAL,41,hns1.3,hns1
GNAL,42,S1.1,S1
GNAL,43,S1.2,S1
GNAL,44,S1.3,S1
GNAL,45,S1.4,S1
GNAL,46,S1.5,S1
GNAL,47,S1.6,S1
GNAL,48,S1.7,S1
GNAL,49,s1h1.1,s1h1
GNAL,50,s1h1.2,s1h1
GNAL,51,s1h1.3,s1h1
GNAL,52,s1h1.4,s1h1
GNAL,53,s1h1.5,s1h1
GNAL,54,s1h1.6,s1h1
GNAL,55,H1.1,H1
GNAL,56,H1.2,H1
GNAL,57,H1.3,H1
GNAL,58,H1.4,H1
GNAL,59,H1.5,H1
GNAL,60,H1.6,H1
GNAL,61,H1.7,H1
GNAL,62,H1.8,H1
GNAL,63,H1.9,H1
GNAL,64,H1.10,H1
GNAL,65,H1.11,H1
GNAL,66,H1.12,H1
GNAL,67,h1ha.1,h1ha
GNAL,68,h1ha.2,h1ha
GNAL,69,h1ha.3,h1ha
GNAL,70,h1ha.4,h1ha
GNAL,71,h1ha.5,h1ha
GNAL,72,HA.1,HA
GNAL,73,HA.2,HA
GNAL,74,HA.3,HA
GNAL,75,HA.4,HA
GNAL,76,HA.5,HA
GNAL,77,HA.6,HA
GNAL,78,HA.7,HA
GNAL,79,HA.8,HA
GNAL,80,HA.9,HA
GNAL,81,HA.10,HA
GNAL,82,HA.11,HA
GNAL,83,HA.12,HA
GNAL,84,HA.13,HA
GNAL,85,HA.14,HA
GNAL,86,HA.15,HA
GNAL,87,HA.16,HA
GNAL,88,HA.17,HA
GNAL,89,HA.18,HA
GNAL,90,HA.19,HA
GNAL,91,HA.20,HA
GNAL,92,HA.21,HA
GNAL,93,HA.22,HA
GNAL,94,HA.23,HA
GNAL,95,HA.24,HA
GNAL,96,HA.25,HA
GNAL,97,HA.26,HA
GNAL,98,HA.27,HA
GNAL,99,HA.28,HA
GNAL,100,HA.29,HA
GNAL,101,hahb.1,hahb
GNAL,102,hahb.2,hahb
GNAL,103,hahb.3,hahb
GNAL,104,hahb.4,hahb
GNAL,105,hahb.5,hahb
GNAL,106,hahb.6,hahb
GNAL,107,hahb.7,hahb
GNAL,108,hahb.8,hahb
GNAL,109,hahb.9,hahb
GNAL,110,HB.1,HB
GNAL,111,HB.2,HB
GNAL,112,HB.3,HB
GNAL,113,HB.4,HB
GNAL,114,HB.5,HB
GNAL,115,HB.6,HB
GNAL,116,HB.7,HB
GNAL,117,HB.8,HB
GNAL,118,HB.9,HB
GNAL,119,HB.10,HB
GNAL,120,HB.11,HB
GNAL,121,HB.12,HB
GNAL,122,HB.13,HB
GNAL,123,HB.14,HB
GNAL,124,hbhc.1,hbhc
GNAL,125,hbhc.2,hbhc
GNAL,126,hbhc.3,hbhc
GNAL,127,hbhc.4,hbhc
GNAL,128,hbhc.13,hbhc
GNAL,129,hbhc.14,hbhc
GNAL,130,hbhc.15,hbhc
GNAL,131,HC.1,HC
GNAL,132,HC.2,HC
GNAL,133,HC.3,HC
GNAL,134,HC.4,HC
GNAL,135,HC.5,HC
GNAL,136,HC.6,HC
GNAL,137,HC.7,HC
GNAL,138,HC.8,HC
GNAL,139,HC.9,HC
GNAL,140,HC.10,HC
GNAL,141,HC.11,HC
GNAL,142,HC.12,HC
GNAL,143,hchd.1,hchd
GNAL,144,HD.1,HD
GNAL,145,HD.2,HD
GNAL,146,HD.3,HD
GNAL,147,HD.4,HD
GNAL,148,HD.5,HD
GNAL,149,HD.6,HD
GNAL,150,HD.7,HD
GNAL,151,HD.8,HD
GNAL,152,HD.9,HD
GNAL,153,HD.10,HD
GNAL,154,HD.11,HD
GNAL,155,HD.12,HD
GNAL,156,hdhe.1,hdhe
GNAL,157,hdhe.2,hdhe
GNAL,158,hdhe.3,hdhe
GNAL,159,hdhe.4,hdhe
GNAL,160,hdhe.5,hdhe
GNAL,161,HE.1,HE
GNAL,162,HE.2,HE
GNAL,163,HE.3,HE
GNAL,164,HE.4,HE
GNAL,165,HE.5,HE
GNAL,166,HE.6,HE
GNAL,167,HE.7,HE
GNAL,168,HE.8,HE
GNAL,169,HE.9,HE
GNAL,170,HE.10,HE
GNAL,171,HE.11,HE
GNAL,172,HE.12,HE
GNAL,173,HE.13,HE
GNAL,174,hehf.1,hehf
GNAL,175,hehf.2,hehf
GNAL,176,hehf.3,hehf
GNAL,177,hehf.4,hehf
GNAL,178,hehf.5,hehf
GNAL,179,hehf.6,hehf
GNAL,180,hehf.7,hehf
GNAL,181,HF.1,HF
GNAL,182,HF.2,HF
GNAL,183,HF.3,HF
GNAL,184,HF.4,HF
GNAL,185,HF.5,HF
GNAL,186,HF.6,HF
GNAL,187,hfs2.1,hfs2
GNAL,188,hfs2.2,hfs2
GNAL,189,hfs2.3,hfs2
GNAL,190,hfs2.4,hfs2
GNAL,191,hfs2.5,hfs2
GNAL,192,hfs2.6,hfs2
GNAL,193,hfs2.7,hfs2
GNAL,194,S2.1,S2
GNAL,195,S2.2,S2
GNAL,196,S2.3,S2
GNAL,197,S2.4,S2
GNAL,198,S2.5,S2
GNAL,199,S2.6,S2
GNAL,200,S2.7,S2
GNAL,201,S2.8,S2
GNAL,202,s2s3.1,s2s3
GNAL,203,s2s3.2,s2s3
GNAL,204,S3.1,S3
GNAL,205,S3.2,S3
GNAL,206,S3.3,S3
GNAL,207,S3.4,S3
GNAL,208,S3.5,S3
GNAL,209,S3.6,S3
GNAL,210,S3.7,S3
GNAL,211,S3.8,S3
GNAL,212,s3h2.1,s3h2
GNAL,213,s3h2.2,s3h2
GNAL,214,s3h2.3,s3h2
GNAL,215,H2.1,H2
GNAL,216,H2.2,H2
GNAL,217,H2.3,H2
GNAL,218,H2.4,H2
GNAL,219,H2.5,H2
GNAL,220,H2.6,H2
GNAL,221,H2.7,H2
GNAL,222,H2.8,H2
GNAL,223,H2.9,H2
GNAL,224,H2.10,H2
GNAL,225,h2s4.1,h2s4
GNAL,226,h2s4.2,h2s4
GNAL,227,h2s4.3,h2s4
GNAL,228,h2s4.4,h2s4
GNAL,229,h2s4.5,h2s4
GNAL,230,S4.1,S4
GNAL,231,S4.2,S4
GNAL,232,S4.3,S4
GNAL,233,S4.4,S4
GNAL,234,S4.5,S4
GNAL,235,S4.6,S4
GNAL,236,S4.7,S4
GNAL,237,s4h3.1,s4h3
GNAL,238,s4h3.2,s4h3
GNAL,239,s4h3.3,s4h3
GNAL,240,s4h3.4,s4h3
GNAL,241,s4h3.5,s4h3
GNAL,242,s4h3.6,s4h3
GNAL,243,s4h3.7,s4h3
GNAL,244,s4h3.8,s4h3
GNAL,245,s4h3.9,s4h3
GNAL,246,s4h3.10,s4h3
GNAL,247,s4h3.11,s4h3
GNAL,248,s4h3.12,s4h3
GNAL,249,s4h3.13,s4h3
GNAL,250,s4h3.14,s4h3
GNAL,251,s4h3.15,s4h3
GNAL,252,H3.1,H3
GNAL,253,H3.2,H3
GNAL,254,H3.3,H3
GNAL,255,H3.4,H3
GNAL,256,H3.5,H3
GNAL,257,H3.6,H3
GNAL,258,H3.7,H3
GNAL,259,H3.8,H3
GNAL,260,H3.9,H3
GNAL,261,H3.10,H3
GNAL,262,H3.11,H3
GNAL,263,H3.12,H3
GNAL,264,H3.13,H3
GNAL,265,H3.14,H3
GNAL,266,H3.15,H3
GNAL,267,H3.16,H3
GNAL,268,H3.17,H3
GNAL,269,H3.18,H3
GNAL,270,h3s5.1,h3s5
GNAL,271,h3s5.2,h3s5
GNAL,272,h3s5.3,h3s5
GNAL,273,S5.1,S5
GNAL,274,S5.2,S5
GNAL,275,S5.3,S5
GNAL,276,S5.4,S5
GNAL,277,S5.5,S5
GNAL,278,S5.6,S5
GNAL,279,S5.7,S5
GNAL,280,s5hg.1,s5hg
GNAL,281,HG.1,HG
GNAL,282,HG.2,HG
GNAL,283,HG.3,HG
GNAL,284,HG.4,HG
GNAL,285,HG.5,HG
GNAL,286,HG.6,HG
GNAL,287,HG.7,HG
GNAL,288,HG.8,HG
GNAL,289,HG.9,HG
GNAL,290,HG.10,HG
GNAL,291,HG.11,HG
GNAL,292,HG.12,HG
GNAL,293,HG.13,HG
GNAL,294,HG.14,HG
GNAL,295,HG.15,HG
GNAL,296,HG.16,HG
GNAL,297,HG.17,HG
GNAL,298,hgh4.1,hgh4
GNAL,299,hgh4.2,hgh4
GNAL,300,hgh4.3,hgh4
GNAL,301,hgh4.4,hgh4
GNAL,302,hgh4.5,hgh4
GNAL,303,hgh4.6,hgh4
GNAL,304,hgh4.7,hgh4
GNAL,305,hgh4.8,hgh4
GNAL,306,hgh4.9,hgh4
GNAL,307,hgh4.10,hgh4
GNAL,308,H4.1,H4
GNAL,309,H4.2,H4
GNAL,310,H4.3,H4
GNAL,311,H4.4,H4
GNAL,312,H4.5,H4
GNAL,313,H4.6,H4
GNAL,314,H4.7,H4
GNAL,315,H4.8,H4
GNAL,316,H4.9,H4
GNAL,317,H4.10,H4
GNAL,318,H4.11,H4
GNAL,319,H4.12,H4
GNAL,320,H4.13,H4
GNAL,321,H4.14,H4
GNAL,322,H4.15,H4
GNAL,323,H4.16,H4
GNAL,324,H4.17,H4
GNAL,325,H4.18,H4
GNAL,326,H4.19,H4
GNAL,327,H4.20,H4
GNAL,328,H4.21,H4
GNAL,329,H4.22,H4
GNAL,330,H4.23,H4
GNAL,331,H4.24,H4
GNAL,332,H4.25,H4
GNAL,333,H4.26,H4
GNAL,334,H4.27,H4
GNAL,335,h4s6.1,h4s6
GNAL,336,h4s6.2,h4s6
GNAL,337,h4s6.3,h4s6
GNAL,338,h4s6.4,h4s6
GNAL,339,h4s6.8,h4s6
GNAL,340,h4s6.9,h4s6
GNAL,341,h4s6.10,h4s6
GNAL,342,h4s6.11,h4s6
GNAL,343,h4s6.12,h4s6
GNAL,344,h4s6.13,h4s6
GNAL,345,h4s6.20,h4s6
GNAL,346,S6.1,S6
GNAL,347,S6.2,S6
GNAL,348,S6.3,S6
GNAL,349,S6.4,S6
GNAL,350,S6.5,S6
GNAL,351,s6h5.1,s6h5
GNAL,352,s6h5.2,s6h5
GNAL,353,s6h5.3,s6h5
GNAL,354,s6h5.4,s6h5
GNAL,355,s6h5.5,s6h5
GNAL,356,H5.1,H5
GNAL,357,H5.2,H5
GNAL,358,H5.3,H5
GNAL,359,H5.4,H5
GNAL,360,H5.5,H5
GNAL,361,H5.6,H5
GNAL,362,H5.7,H5
GNAL,363,H5.8,H5
GNAL,364,H5.9,H5
GNAL,365,H5.10,H5
GNAL,366,H5.11,H5
GNAL,367,H5.12,H5
GNAL,368,H5.13,H5
GNAL,369,H5.14,H5
GNAL,370,H5.15,H5
GNAL,371,H5.16,H5
GNAL,372,H5.17,H5
GNAL,373,H5.18,H5
GNAL,374,H5.19,H5
GNAL,375,H5.20,H5
GNAL,376,H5.21,H5
GNAL,377,H5.22,H5
GNAL,378,H5.23,H5
GNAL,379,H5.24,H5
GNAL,380,H5.25,H5
GNAL,381,H5.26,H5
GNAO1,1,HN.1,HN
GNAO1,2,HN.2,HN
GNAO1,3,HN.9,HN
GNAO1,4,HN.10,HN
GNAO1,5,HN.11,HN
GNAO1,6,HN.30,HN
GNAO1,7,HN.31,HN
GNAO1,8,HN.32,HN
GNAO1,9,HN.33,HN
GNAO1,10,HN.34,HN
GNAO1,11,HN.35,HN
GNAO1,12,HN.36,HN
GNAO1,13,HN.37,HN
GNAO1,14,HN.38,HN
GNAO1,15,HN.39,HN
GNAO1,16,HN.40,HN
GNAO1,17,HN.41,HN
GNAO1,18,HN.42,HN
GNAO1,19,HN.43,HN
GNAO1,20,HN.44,HN
GNAO1,21,HN.45,HN
GNAO1,22,HN.46,HN
GNAO1,23,HN.47,HN
GNAO1,24,HN.48,HN
GNAO1,25,HN.49,HN
GNAO1,26,HN.50,HN
GNAO1,27,HN.51,HN
GNAO1,28,HN.52,HN
GNAO1,29,HN.53,HN
GNAO1,30,hns1.1,hns1
GNAO1,31,hns1.2,hns1
GNAO1,32,hns1.3,hns1
GNAO1,33,S1.1,S1
GNAO1,34,S1.2,S1
GNAO1,35,S1.3,S1
GNAO1,36,S1.4,S1
GNAO1,37,S1.5,S1
GNAO1,38,S1.6,S1
GNAO1,39,S1.7,S1
GNAO1,40,s1h1.1,s1h1
GNAO1,41,s1h1.2,s1h1
GNAO1,42,s1h1.3,s1h1
GNAO1,43,s1h1.4,s1h1
GNAO1,44,s1h1.5,s1h1
GNAO1,45,s1h1.6,s1h1
GNAO1,46,H1.1,H1
GNAO1,47,H1.2,H1
GNAO1,48,H1.3,H1
GNAO1,49,H1.4,H1
GNAO1,50,H1.5,H1
GNAO1,51,H1.6,H1
GNAO1,52,H1.7,H1
GNAO1,53,H1.8,H1
GNAO1,54,H1.9,H1
GNAO1,55,H1.10,H1
GNAO1,56,H1.11,H1
GNAO1,57,H1.12,H1
GNAO1,58,h1ha.1,h1ha
GNAO1,59,h1ha.2,h1ha
GNAO1,60,h1ha.3,h1ha
GNAO1,61,h1ha.4,h1ha
GNAO1,62,h1ha.5,h1ha
GNAO1,63,HA.1,HA
GNAO1,64,HA.2,HA
GNAO1,65,HA.3,HA
GNAO1,66,HA.4,HA
GNAO1,67,HA.5,HA
GNAO1,68,HA.6,HA
GNAO1,69,HA.7,HA
GNAO1,70,HA.8,HA
GNAO1,71,HA.9,HA
GNAO1,72,HA.10,HA
GNAO1,73,HA.11,HA
GNAO1,74,HA.12,HA
GNAO1,75,HA.13,HA
GNAO1,76,HA.14,HA
GNAO1,77,HA.15,HA
GNAO1,78,HA.16,HA
GNAO1,79,HA.17,HA
GNAO1,80,HA.18,HA
GNAO1,81,HA.19,HA
GNAO1,82,HA.20,HA
GNAO1,83,HA.21,HA
GNAO1,84,HA.22,HA
GNAO1,85,HA.23,HA
GNAO1,86,HA.24,HA
GNAO1,87,HA.25,HA
GNAO1,88,HA.26,HA
GNAO1,89,HA.27,HA
GNAO1,90,HA.28,HA
GNAO1,91,HA.29,HA
GNAO1,92,hahb.1,hahb
GNAO1,93,hahb.4,hahb
GNAO1,94,hahb.5,hahb
GNAO1,95,hahb.6,hahb
GNAO1,96,hahb.7,hahb
GNAO1,97,hahb.8,hahb
GNAO1,98,hahb.9,hahb
GNAO1,99,HB.1,HB
GNAO1,100,HB.2,HB
GNAO1,101,HB.3,HB
GNAO1,102,HB.4,HB
GNAO1,103,HB.5,HB
GNAO1,104,HB.6,HB
GNAO1,105,HB.7,HB
GNAO1,106,HB.8,HB
GNAO1,107,HB.9,HB
GNAO1,108,HB.10,HB
GNAO1,109,HB.11,HB
GNAO1,110,HB.12,HB
GNAO1,111,HB.13,HB
GNAO1,112,HB.14,HB
GNAO1,113,hbhc.1,hbhc
GNAO1,114,hbhc.2,hbhc
GNAO1,115,hbhc.3,hbhc
GNAO1,116,hbhc.4,hbhc
GNAO1,117,hbhc.5,hbhc
GNAO1,118,hbhc.12,hbhc
GNAO1,119,hbhc.13,hbhc
GNAO1,120,hbhc.14,hbhc
GNAO1,121,hbhc.15,hbhc
GNAO1,122,HC.1,HC
GNAO1,123,HC.2,HC
GNAO1,124,HC.3,HC
GNAO1,125,HC.4,HC
GNAO1,126,HC.5,HC
GNAO1,127,HC.6,HC
GNAO1,128,HC.7,HC
GNAO1,129,HC.8,HC
GNAO1,130,HC.9,HC
GNAO1,131,HC.10,HC
GNAO1,132,HC.11,HC
GNAO1,133,HC.12,HC
GNAO1,134,hchd.1,hchd
GNAO1,135,HD.1,HD
GNAO1,136,HD.2,HD
GNAO1,137,HD.3,HD
GNAO1,138,HD.4,HD
GNAO1,139,HD.5,HD
GNAO1,140,HD.6,HD
GNAO1,141,HD.7,HD
GNAO1,142,HD.8,HD
GNAO1,143,HD.9,HD
GNAO1,144,HD.10,HD
GNAO1,145,HD.11,HD
GNAO1,146,HD.12,HD
GNAO1,147,hdhe.1,hdhe
GNAO1,148,hdhe.2,hdhe
GNAO1,149,hdhe.3,hdhe
GNAO1,150,hdhe.4,hdhe
GNAO1,151,hdhe.5,hdhe
GNAO1,152,HE.1,HE
GNAO1,153,HE.2,HE
GNAO1,154,HE.3,HE
GNAO1,155,HE.4,HE
GNAO1,156,HE.5,HE
GNAO1,157,HE.6,HE
GNAO1,158,HE.7,HE
GNAO1,159,HE.8,HE
GNAO1,160,HE.9,HE
GNAO1,161,HE.10,HE
GNAO1,162,HE.11,HE
GNAO1,163,HE.12,HE
GNAO1,164,HE.13,HE
GNAO1,165,hehf.1,hehf
GNAO1,166,hehf.2,hehf
GNAO1,167,hehf.3,hehf
GNAO1,168,hehf.4,hehf
GNAO1,169,hehf.5,hehf
GNAO1,170,hehf.6,hehf
GNAO1,171,hehf.7,hehf
GNAO1,172,HF.1,HF
GNAO1,173,HF.2,HF
GNAO1,174,HF.3,HF
GNAO1,175,HF.4,HF
GNAO1,176,HF.5,HF
GNAO1,177,HF.6,HF
GNAO1,178,hfs2.1,hfs2
GNAO1,179,hfs2.2,hfs2
GNAO1,180,hfs2.3,hfs2
GNAO1,181,hfs2.4,hfs2
GNAO1,182,hfs2.5,hfs2
GNAO1,183,hfs2.6,hfs2
GNAO1,184,hfs2.7,hfs2
GNAO1,185,S2.1,S2
GNAO1,186,S2.2,S2
GNAO1,187,S2.3,S2
GNAO1,188,S2.4,S2
GNAO1,189,S2.5,S2
GNAO1,190,S2.6,S2
GNAO1,191,S2.7,S2
GNAO1,192,S2.8,S2
GNAO1,193,s2s3.1,s2s3
GNAO1,194,s2s3.2,s2s3
GNAO1,195,S3.1,S3
GNAO1,196,S3.2,S3
GNAO1,197,S3.3,S3
GNAO1,198,S3.4,S3
GNAO1,199,S3.5,S3
GNAO1,200,S3.6,S3
GNAO1,201,S3.7,S3
GNAO1,202,S3.8,S3
GNAO1,203,s3h2.1,s3h2
GNAO1,204,s3h2.2,s3h2
GNAO1,205,s3h2.3,s3h2
GNAO1,206,H2.1,H2
GNAO1,207,H2.2,H2
GNAO1,208,H2.3,H2
GNAO1,209,H2.4,H2
GNAO1,210,H2.5,H2
GNAO1,211,H2.6,H2
GNAO1,212,H2.7,H2
GNAO1,213,H2.8,H2
GNAO1,214,H2.9,H2
GNAO1,215,H2.10,H2
GNAO1,216,h2s4.1,h2s4
GNAO1,217,h2s4.2,h2s4
GNAO1,218,h2s4.3,h2s4
GNAO1,219,h2s4.4,h2s4
GNAO1,220,h2s4.5,h2s4
GNAO1,221,S4.1,S4
GNAO1,222,S4.2,S4
GNAO1,223,S4.3,S4
GNAO1,224,S4.4,S4
GNAO1,225,S4.5,S4
GNAO1,226,S4.6,S4
GNAO1,227,S4.7,S4
GNAO1,228,s4h3.1,s4h3
GNAO1,229,s4h3.2,s4h3
GNAO1,230,s4h3.3,s4h3
GNAO1,231,s4h3.4,s4h3
GNAO1,232,s4h3.5,s4h3
GNAO1,233,s4h3.6,s4h3
GNAO1,234,s4h3.7,s4h3
GNAO1,235,s4h3.8,s4h3
GNAO1,236,s4h3.9,s4h3
GNAO1,237,s4h3.10,s4h3
GNAO1,238,s4h3.11,s4h3
GNAO1,239,s4h3.12,s4h3
GNAO1,240,s4h3.13,s4h3
GNAO1,241,s4h3.14,s4h3
GNAO1,242,s4h3.15,s4h3
GNAO1,243,H3.1,H3
GNAO1,244,H3.2,H3
GNAO1,245,H3.3,H3
GNAO1,246,H3.4,H3
GNAO1,247,H3.5,H3
GNAO1,248,H3.6,H3
GNAO1,249,H3.7,H3
GNAO1,250,H3.8,H3
GNAO1,251,H3.9,H3
GNAO1,252,H3.10,H3
GNAO1,253,H3.11,H3
GNAO1,254,H3.12,H3
GNAO1,255,H3.13,H3
GNAO1,256,H3.14,H3
GNAO1,257,H3.15,H3
GNAO1,258,H3.16,H3
GNAO1,259,H3.17,H3
GNAO1,260,H3.18,H3
GNAO1,261,h3s5.1,h3s5
GNAO1,262,h3s5.2,h3s5
GNAO1,263,h3s5.3,h3s5
GNAO1,264,S5.1,S5
GNAO1,265,S5.2,S5
GNAO1,266,S5.3,S5
GNAO1,267,S5.4,S5
GNAO1,268,S5.5,S5
GNAO1,269,S5.6,S5
GNAO1,270,S5.7,S5
GNAO1,271,s5hg.1,s5hg
GNAO1,272,HG.1,HG
GNAO1,273,HG.2,HG
GNAO1,274,HG.3,HG
GNAO1,275,HG.4,HG
GNAO1,276,HG.5,HG
GNAO1,277,HG.6,HG
GNAO1,278,HG.7,HG
GNAO1,279,HG.8,HG
GNAO1,280,HG.9,HG
GNAO1,281,HG.12,HG
GNAO1,282,HG.13,HG
GNAO1,283,HG.14,HG
GNAO1,284,HG.15,HG
GNAO1,285,HG.16,HG
GNAO1,286,HG.17,HG
GNAO1,287,hgh4.1,hgh4
GNAO1,288,hgh4.2,hgh4
GNAO1,289,hgh4.3,hgh4
GNAO1,290,hgh4.4,hgh4
GNAO1,291,hgh4.5,hgh4
GNAO1,292,hgh4.6,hgh4
GNAO1,293,hgh4.7,hgh4
GNAO1,294,hgh4.8,hgh4
GNAO1,295,hgh4.9,hgh4
GNAO1,296,hgh4.10,hgh4
GNAO1,297,H4.1,H4
GNAO1,298,H4.2,H4
GNAO1,299,H4.3,H4
GNAO1,300,H4.4,H4
GNAO1,301,H4.5,H4
GNAO1,302,H4.6,H4
GNAO1,303,H4.20,H4
GNAO1,304,H4.21,H4
GNAO1,305,H4.22,H4
GNAO1,306,H4.23,H4
GNAO1,307,H4.24,H4
GNAO1,308,H4.25,H4
GNAO1,309,H4.26,H4
GNAO1,310,H4.27,H4
GNAO1,311,h4s6.1,h4s6
GNAO1,312,h4s6.2,h4s6
GNAO1,313,h4s6.3,h4s6
GNAO1,314,h4s6.8,h4s6
GNAO1,315,h4s6.9,h4s6
GNAO1,316,h4s6.10,h4s6
GNAO1,317,h4s6.11,h4s6
GNAO1,318,h4s6.12,h4s6
GNAO1,319,S6.1,S6
GNAO1,320,S6.2,S6
GNAO1,321,S6.3,S6
GNAO1,322,S6.4,S6
GNAO1,323,S6.5,S6
GNAO1,324,s6h5.1,s6h5
GNAO1,325,s6h5.2,s6h5
GNAO1,326,s6h5.3,s6h5
GNAO1,327,s6h5.4,s6h5
GNAO1,328,s6h5.5,s6h5
GNAO1,329,H5.1,H5
GNAO1,330,H5.2,H5
GNAO1,331,H5.3,H5
GNAO1,332,H5.4,H5
GNAO1,333,H5.5,H5
GNAO1,334,H5.6,H5
GNAO1,335,H5.7,H5
GNAO1,336,H5.8,H5
GNAO1,337,H5.9,H5
GNAO1,338,H5.10,H5
GNAO1,339,H5.11,H5
GNAO1,340,H5.12,H5
GNAO1,341,H5.13,H5
GNAO1,342,H5.14,H5
GNAO1,343,H5.15,H5
GNAO1,344,H5.16,H5
GNAO1,345,H5.17,H5
GNAO1,346,H5.18,H5
GNAO1,347,H5.19,H5
GNAO1,348,H5.20,H5
GNAO1,349,H5.21,H5
GNAO1,350,H5.22,H5
GNAO1,351,H5.23,H5
GNAO1,352,H5.24,H5
GNAO1,353,H5.25,H5
GNAO1,354,H5.26,H5
GNAQ,1,HN.1,HN
GNAQ,2,HN.2,HN
GNAQ,3,HN.3,HN
GNAQ,4,HN.4,HN
GNAQ,5,HN.5,HN
GNAQ,6,HN.6,HN
GNAQ,7,HN.7,HN
GNAQ,8,HN.8,HN
GNAQ,9,HN.9,HN
GNAQ,10,HN.10,HN
GNAQ,11,HN.11,HN
GNAQ,12,HN.30,HN
GNAQ,13,HN.31,HN
GNAQ,14,HN.32,HN
GNAQ,15,HN.33,HN
GNAQ,16,HN.34,HN
GNAQ,17,HN.35,HN
GNAQ,18,HN.36,HN
GNAQ,19,HN.37,HN
GNAQ,20,HN.38,HN
GNAQ,21,HN.39,HN
GNAQ,22,HN.40,HN
GNAQ,23,HN.41,HN
GNAQ,24,HN.42,HN
GNAQ,25,HN.43,HN
GNAQ,26,HN.44,HN
GNAQ,27,HN.45,HN
GNAQ,28,HN.46,HN
GNAQ,29,HN.47,HN
GNAQ,30,HN.48,HN
GNAQ,31,HN.49,HN
GNAQ,32,HN.50,HN
GNAQ,33,HN.51,HN
GNAQ,34,HN.52,HN
GNAQ,35,HN.53,HN
GNAQ,36,hns1.1,hns1
GNAQ,37,hns1.2,hns1
GNAQ,38,hns1.3,hns1
GNAQ,39,S1.1,S1
GNAQ,40,S1.2,S1
GNAQ,41,S1.3,S1
GNAQ,42,S1.4,S1
GNAQ,43,S1.5,S1
GNAQ,44,S1.6,S1
GNAQ,45,S1.7,S1
GNAQ,46,s1h1.1,s1h1
GNAQ,47,s1h1.2,s1h1
GNAQ,48,s1h1.3,s1h1
GNAQ,49,s1h1.4,s1h1
GNAQ,50,s1h1.5,s1h1
GNAQ,51,s1h1.6,s1h1
GNAQ,52,H1.1,H1
GNAQ,53,H1.2,H1
GNAQ,54,H1.3,H1
GNAQ,55,H1.4,H1
GNAQ,56,H1.5,H1
GNAQ,57,H1.6,H1
GNAQ,58,H1.7,H1
GNAQ,59,H1.8,H1
GNAQ,60,H1.9,H1
GNAQ,61,H1.10,H1
GNAQ,62,H1.11,H1
GNAQ,63,H1.12,H1
GNAQ,64,h1ha.1,h1ha
GNAQ,65,h1ha.2,h1ha
GNAQ,66,h1ha.3,h1ha
GNAQ,67,h1ha.4,h1ha
GNAQ,68,h1ha.5,h1ha
GNAQ,69,HA.1,HA
GNAQ,70,HA.2,HA
GNAQ,71,HA.3,HA
GNAQ,72,HA.4,HA
GNAQ,73,HA.5,HA
GNAQ,74,HA.6,HA
GNAQ,75,HA.7,HA
GNAQ,76,HA.8,HA
GNAQ,77,HA.9,HA
GNAQ,78,HA.10,HA
GNAQ,79,HA.11,HA
GNAQ,80,HA.12,HA
GNAQ,81,HA.13,HA
GNAQ,82,HA.14,HA
GNAQ,83,HA.15,HA
GNAQ,84,HA.16,HA
GNAQ,85,HA.17,HA
GNAQ,86,HA.18,HA
GNAQ,87,HA.19,HA
GNAQ,88,HA.20,HA
GNAQ,89,HA.21,HA
GNAQ,90,HA.22,HA
GNAQ,91,HA.23,HA
GNAQ,92,HA.24,HA
GNAQ,93,HA.25,HA
GNAQ,94,HA.26,HA
GNAQ,95,HA.27,HA
GNAQ,96,HA.28,HA
GNAQ,97,HA.29,HA
GNAQ,98,hahb.1,hahb
GNAQ,99,hahb.4,hahb
GNAQ,100,hahb.5,hahb
GNAQ,101,hahb.6,hahb
GNAQ,102,hahb.7,hahb
GNAQ,103,hahb.8,hahb
GNAQ,104,hahb.9,hahb
GNAQ,105,HB.1,HB
GNAQ,106,HB.2,HB
GNAQ,107,HB.3,HB
GNAQ,108,HB.4,HB
GNAQ,109,HB.5,HB
GNAQ,110,HB.6,HB
GNAQ,111,HB.7,HB
GNAQ,112,HB.8,HB
GNAQ,113,HB.9,HB
GNAQ,114,HB.10,HB
GNAQ,115,HB.11,HB
GNAQ,116,HB.12,HB
GNAQ,117,HB.13,HB
GNAQ,118,HB.14,HB
GNAQ,119,hbhc.1,hbhc
GNAQ,120,hbhc.2,hbhc
GNAQ,121,hbhc.3,hbhc
GNAQ,122,hbhc.4,hbhc
GNAQ,123,hbhc.5,hbhc
GNAQ,124,hbhc.14,hbhc
GNAQ,125,hbhc.15,hbhc
GNAQ,126,HC.1,HC
GNAQ,127,HC.2,HC
GNAQ,128,HC.3,HC
GNAQ,129,HC.4,HC
GNAQ,130,HC.5,HC
GNAQ,131,HC.6,HC
GNAQ,132,HC.7,HC
GNAQ,133,HC.8,HC
GNAQ,134,HC.9,HC
GNAQ,135,HC.10,HC
GNAQ,136,HC.11,HC
GNAQ,137,HC.12,HC
GNAQ,138,hchd.1,hchd
GNAQ,139,HD.1,HD
GNAQ,140,HD.2,HD
GNAQ,141,HD.3,HD
GNAQ,142,HD.4,HD
GNAQ,143,HD.5,HD
GNAQ,144,HD.6,HD
GNAQ,145,HD.7,HD
GNAQ,146,HD.8,HD
GNAQ,147,HD.9,HD
GNAQ,148,HD.10,HD
GNAQ,149,HD.11,HD
GNAQ,150,HD.12,HD
GNAQ,151,hdhe.1,hdhe
GNAQ,152,hdhe.2,hdhe
GNAQ,153,hdhe.3,hdhe
GNAQ,154,hdhe.4,hdhe
GNAQ,155,hdhe.5,hdhe
GNAQ,156,HE.1,HE
GNAQ,157,HE.2,HE
GNAQ,158,HE.3,HE
GNAQ,159,HE.4,HE
GNAQ,160,HE.5,HE
GNAQ,161,HE.6,HE
GNAQ,162,HE.7,HE
GNAQ,163,HE.8,HE
GNAQ,164,HE.9,HE
GNAQ,165,HE.10,HE
GNAQ,166,HE.11,HE
GNAQ,167,HE.12,HE
GNAQ,168,HE.13,HE
GNAQ,169,hehf.1,hehf
GNAQ,170,hehf.2,hehf
GNAQ,171,hehf.3,hehf
GNAQ,172,hehf.4,hehf
GNAQ,173,hehf.5,hehf
GNAQ,174,hehf.6,hehf
GNAQ,175,hehf.7,hehf
GNAQ,176,HF.1,HF
GNAQ,177,HF.2,HF
GNAQ,178,HF.3,HF
GNAQ,179,HF.4,HF
GNAQ,180,HF.5,HF
GNAQ,181,HF.6,HF
GNAQ,182,hfs2.1,hfs2
GNAQ,183,hfs2.2,hfs2
GNAQ,184,hfs2.3,hfs2
GNAQ,185,hfs2.4,hfs2
GNAQ,186,hfs2.5,hfs2
GNAQ,187,hfs2.6,hfs2
GNAQ,188,hfs2.7,hfs2
GNAQ,189,S2.1,S2
GNAQ,190,S2.2,S2
GNAQ,191,S2.3,S2
GNAQ,192,S2.4,S2
GNAQ,193,S2.5,S2
GNAQ,194,S2.6,S2
GNAQ,195,S2.7,S2
GNAQ,196,S2.8,S2
GNAQ,197,s2s3.1,s2s3
GNAQ,198,s2s3.2,s2s3
GNAQ,199,S3.1,S3
GNAQ,200,S3.2,S3
GNAQ,201,S3.3,S3
GNAQ,202,S3.4,S3
GNAQ,203,S3.5,S3
GNAQ,204,S3.6,S3
GNAQ,205,S3.7,S3
GNAQ,206,S3.8,S3
GNAQ,207,s3h2.1,s3h2
GNAQ,208,s3h2.2,s3h2
GNAQ,209,s3h2.3,s3h2
GNAQ,210,H2.1,H2
GNAQ,211,H2.2,H2
GNAQ,212,H2.3,H2
GNAQ,213,H2.4,H2
GNAQ,214,H2.5,H2
GNAQ,215,H2.6,H2
GNAQ,216,H2.7,H2
GNAQ,217,H2.8,H2
GNAQ,218,H2.9,H2
GNAQ,219,H2.10,H2
GNAQ,220,h2s4.1,h2s4
GNAQ,221,h2s4.2,h2s4
GNAQ,222,h2s4.3,h2s4
GNAQ,223,h2s4.4,h2s4
GNAQ,224,h2s4.5,h2s4
GNAQ,225,S4.1,S4
GNAQ,226,S4.2,S4
GNAQ,227,S4.3,S4
GNAQ,228,S4.4,S4
GNAQ,229,S4.5,S4
GNAQ,230,S4.6,S4
GNAQ,231,S4.7,S4
GNAQ,232,s4h3.1,s4h3
GNAQ,233,s4h3.2,s4h3
GNAQ,234,s4h3.3,s4h3
GNAQ,235,s4h3.4,s4h3
GNAQ,236,s4h3.5,s4h3
GNAQ,237,s4h3.6,s4h3
GNAQ,238,s4h3.7,s4h3
GNAQ,239,s4h3.8,s4h3
GNAQ,240,s4h3.9,s4h3
GNAQ,241,s4h3.10,s4h3
GNAQ,242,s4h3.11,s4h3
GNAQ,243,s4h3.12,s4h3
GNAQ,244,s4h3.13,s4h3
GNAQ,245,s4h3.14,s4h3
GNAQ,246,s4h3.15,s4h3
GNAQ,247,H3.1,H3
GNAQ,248,H3.2,H3
GNAQ,249,H3.3,H3
GNAQ,250,H3.4,H3
GNAQ,251,H3.5,H3
GNAQ,252,H3.6,H3
GNAQ,253,H3.7,H3
GNAQ,254,H3.8,H3
GNAQ,255,H3.9,H3
GNAQ,256,H3.10,H3
GNAQ,257,H3.11,H3
GNAQ,258,H3.12,H3
GNAQ,259,H3.13,H3
GNAQ,260,H3.14,H3
GNAQ,261,H3.15,H3
GNAQ,262,H3.16,H3
GNAQ,263,H3.17,H3
GNAQ,264,H3.18,H3
GNAQ,265,h3s5.1,h3s5
GNAQ,266,h3s5.2,h3s5
GNAQ,267,h3s5.3,h3s5
GNAQ,268,S5.1,S5
GNAQ,269,S5.2,S5
GNAQ,270,S5.3,S5
GNAQ,271,S5.4,S5
GNAQ,272,S5.5,S5
GNAQ,273,S5.6,S5
GNAQ,274,S5.7,S5
GNAQ,275,s5hg.1,s5hg
GNAQ,276,HG.1,HG
GNAQ,277,HG.2,HG
GNAQ,278,HG.3,HG
GNAQ,279,HG.4,HG
GNAQ,280,HG.5,HG
GNAQ,281,HG.6,HG
GNAQ,282,HG.7,HG
GNAQ,283,HG.8,HG
GNAQ,284,HG.9,HG
GNAQ,285,HG.12,HG
GNAQ,286,HG.13,HG
GNAQ,287,HG.14,HG
GNAQ,288,HG.15,HG
GNAQ,289,HG.16,HG
GNAQ,290,HG.17,HG
GNAQ,291,hgh4.1,hgh4
GNAQ,292,hgh4.2,hgh4
GNAQ,293,hgh4.3,hgh4
GNAQ,294,hgh4.4,hgh4
GNAQ,295,hgh4.5,hgh4
GNAQ,296,hgh4.6,hgh4
GNAQ,297,hgh4.7,hgh4
GNAQ,298,hgh4.8,hgh4
GNAQ,299,hgh4.9,hgh4
GNAQ,300,hgh4.10,hgh4
GNAQ,301,H4.1,H4
GNAQ,302,H4.2,H4
GNAQ,303,H4.3,H4
GNAQ,304,H4.4,H4
GNAQ,305,H4.5,H4
GNAQ,306,H4.6,H4
GNAQ,307,H4.7,H4
GNAQ,308,H4.20,H4
GNAQ,309,H4.21,H4
GNAQ,310,H4.22,H4
GNAQ,311,H4.23,H4
GNAQ,312,H4.24,H4
GNAQ,313,H4.25,H4
GNAQ,314,H4.26,H4
GNAQ,315,H4.27,H4
GNAQ,316,h4s6.1,h4s6
GNAQ,317,h4s6.8,h4s6
GNAQ,318,h4s6.9,h4s6
GNAQ,319,h4s6.10,h4s6
GNAQ,320,h4s6.11,h4s6
GNAQ,321,h4s6.12,h4s6
GNAQ,322,h4s6.13,h4s6
GNAQ,323,h4s6.20,h4s6
GNAQ,324,S6.1,S6
GNAQ,325,S6.2,S6
GNAQ,326,S6.3,S6
GNAQ,327,S6.4,S6
GNAQ,328,S6.5,S6
GNAQ,329,s6h5.1,s6h5
GNAQ,330,s6h5.2,s6h5
GNAQ,331,s6h5.3,s6h5
GNAQ,332,s6h5.4,s6h5
GNAQ,333,s6h5.5,s6h5
GNAQ,334,H5.1,H5
GNAQ,335,H5.2,H5
GNAQ,336,H5.3,H5
GNAQ,337,H5.4,H5
GNAQ,338,H5.5,H5
GNAQ,339,H5.6,H5
GNAQ,340,H5.7,H5
GNAQ,341,H5.8,H5
GNAQ,342,H5.9,H5
GNAQ,343,H5.10,H5
GNAQ,344,H5.11,H5
GNAQ,345,H5.12,H5
GNAQ,346,H5.13,H5
GNAQ,347,H5.14,H5
GNAQ,348,H5.15,H5
GNAQ,349,H5.16,H5
GNAQ,350,H5.17,H5
GNAQ,351,H5.18,H5
GNAQ,352,H5.19,H5
GNAQ,353,H5.20,H5
GNAQ,354,H5.21,H5
GNAQ,355,H5.22,H5
GNAQ,356,H5.23,H5
GNAQ,357,H5.24,H5
GNAQ,358,H5.25,H5
GNAQ,359,H5.26,H5
GNAS,1,HN.1,HN
GNAS,2,HN.2,HN
GNAS,3,HN.9,HN
GNAS,4,HN.10,HN
GNAS,5,HN.11,HN
GNAS,6,HN.22,HN
GNAS,7,HN.23,HN
GNAS,8,HN.24,HN
GNAS,9,HN.26,HN
GNAS,10,HN.27,HN
GNAS,11,HN.28,HN
GNAS,12,HN.29,HN
GNAS,13,HN.30,HN
GNAS,14,HN.31,HN
GNAS,15,HN.32,HN
GNAS,16,HN.33,HN
GNAS,17,HN.34,HN
GNAS,18,HN.35,HN
GNAS,19,HN.36,HN
GNAS,20,HN.37,HN
GNAS,21,HN.38,HN
GNAS,22,HN.39,HN
GNAS,23,HN.40,HN
GNAS,24,HN.41,HN
GNAS,25,HN.42,HN
GNAS,26,HN.43,HN
GNAS,27,HN.44,HN
GNAS,28,HN.45,HN
GNAS,29,HN.46,HN
GNAS,30,HN.47,HN
GNAS,31,HN.48,HN
GNAS,32,HN.49,HN
GNAS,33,HN.50,HN
GNAS,34,HN.51,HN
GNAS,35,HN.52,HN
GNAS,36,HN.53,HN
GNAS,37,hns1.1,hns1
GNAS,38,hns1.2,hns1
GNAS,39,hns1.3,hns1
GNAS,40,S1.1,S1
GNAS,41,S1.2,S1
GNAS,42,S1.3,S1
GNAS,43,S1.4,S1
GNAS,44,S1.5,S1
GNAS,45,S1.6,S1
GNAS,46,S1.7,S1
GNAS,47,s1h1.1,s1h1
GNAS,48,s1h1.2,s1h1
GNAS,49,s1h1.3,s1h1
GNAS,50,s1h1.4,s1h1
GNAS,51,s1h1.5,s1h1
GNAS,52,s1h1.6,s1h1
GNAS,53,H1.1,H1
GNAS,54,H1.2,H1
GNAS,55,H1.3,H1
GNAS,56,H1.4,H1
GNAS,57,H1.5,H1
GNAS,58,H1.6,H1
GNAS,59,H1.7,H1
GNAS,60,H1.8,H1
GNAS,61,H1.9,H1
GNAS,62,H1.10,H1
GNAS,63,H1.11,H1
GNAS,64,H1.12,H1
GNAS,65,h1ha.1,h1ha
GNAS,66,h1ha.2,h1ha
GNAS,67,h1ha.3,h1ha
GNAS,68,h1ha.4,h1ha
GNAS,69,h1ha.5,h1ha
GNAS,70,h1ha.6,h1ha
GNAS,71,h1ha.7,h1ha
GNAS,72,h1ha.8,h1ha
GNAS,73,h1ha.9,h1ha
GNAS,74,h1ha.10,h1ha
GNAS,75,h1ha.11,h1ha
GNAS,76,h1ha.12,h1ha
GNAS,77,h1ha.13,h1ha
GNAS,78,h1ha.14,h1ha
GNAS,79,h1ha.15,h1ha
GNAS,80,h1ha.16,h1ha
GNAS,81,h1ha.17,h1ha
GNAS,82,h1ha.18,h1ha
GNAS,83,h1ha.19,h1ha
GNAS,84,h1ha.20,h1ha
GNAS,85,HA.1,HA
GNAS,86,HA.2,HA
GNAS,87,HA.3,HA
GNAS,88,HA.4,HA
GNAS,89,HA.5,HA
GNAS,90,HA.6,HA
GNAS,91,HA.7,HA
GNAS,92,HA.8,HA
GNAS,93,HA.9,HA
GNAS,94,HA.10,HA
GNAS,95,HA.11,HA
GNAS,96,HA.12,HA
GNAS,97,HA.13,HA
GNAS,98,HA.14,HA
GNAS,99,HA.15,HA
GNAS,100,HA.16,HA
GNAS,101,HA.17,HA
GNAS,102,HA.18,HA
GNAS,103,HA.19,HA
GNAS,104,HA.20,HA
GNAS,105,HA.21,HA
GNAS,106,HA.22,HA
GNAS,107,HA.23,HA
GNAS,108,HA.24,HA
GNAS,109,HA.25,HA
GNAS,110,HA.26,HA
GNAS,111,HA.27,HA
GNAS,112,HA.28,HA
GNAS,113,HA.29,HA
GNAS,114,hahb.1,hahb
GNAS,115,hahb.2,hahb
GNAS,116,hahb.3,hahb
GNAS,117,hahb.4,hahb
GNAS,118,hahb.5,hahb
GNAS,119,hahb.6,hahb
GNAS,120,hahb.7,hahb
GNAS,121,hahb.8,hahb
GNAS,122,hahb.9,hahb
GNAS,123,HB.1,HB
GNAS,124,HB.2,HB
GNAS,125,HB.3,HB
GNAS,126,HB.4,HB
GNAS,127,HB.5,HB
GNAS,128,HB.6,HB
GNAS,129,HB.7,HB
GNAS,130,HB.8,HB
GNAS,131,HB.9,HB
GNAS,132,HB.10,HB
GNAS,133,HB.11,HB
GNAS,134,HB.12,HB
GNAS,135,HB.13,HB
GNAS,136,HB.14,HB
GNAS,137,hbhc.1,hbhc
GNAS,138,hbhc.2,hbhc
GNAS,139,hbhc.3,hbhc
GNAS,140,hbhc.4,hbhc
GNAS,141,hbhc.13,hbhc
GNAS,142,hbhc.14,hbhc
GNAS,143,hbhc.15,hbhc
GNAS,144,HC.1,HC
GNAS,145,HC.2,HC
GNAS,146,HC.3,HC
GNAS,147,HC.4,HC
GNAS,148,HC.5,HC
GNAS,149,HC.6,HC
GNAS,150,HC.7,HC
GNAS,151,HC.8,HC
GNAS,152,HC.9,HC
GNAS,153,HC.10,HC
GNAS,154,HC.11,HC
GNAS,155,HC.12,HC
GNAS,156,hchd.1,hchd
GNAS,157,HD.1,HD
GNAS,158,HD.2,HD
GNAS,159,HD.3,HD
GNAS,160,HD.4,HD
GNAS,161,HD.5,HD
GNAS,162,HD.6,HD
GNAS,163,HD.7,HD
GNAS,164,HD.8,HD
GNAS,165,HD.9,HD
GNAS,166,HD.10,HD
GNAS,167,HD.11,HD
GNAS,168,HD.12,HD
GNAS,169,hdhe.1,hdhe
GNAS,170,hdhe.2,hdhe
GNAS,171,hdhe.3,hdhe
GNAS,172,hdhe.4,hdhe
GNAS,173,hdhe.5,hdhe
GNAS,174,HE.1,HE
GNAS,175,HE.2,HE
GNAS,176,HE.3,HE
GNAS,177,HE.4,HE
GNAS,178,HE.5,HE
GNAS,179,HE.6,HE
GNAS,180,HE.7,HE
GNAS,181,HE.8,HE
GNAS,182,HE.9,HE
GNAS,183,HE.10,HE
GNAS,184,HE.11,HE
GNAS,185,HE.12,HE
GNAS,186,HE.13,HE
GNAS,187,hehf.1,hehf
GNAS,188,hehf.2,hehf
GNAS,189,hehf.3,hehf
GNAS,190,hehf.4,hehf
GNAS,191,hehf.5,hehf
GNAS,192,hehf.6,hehf
GNAS,193,hehf.7,hehf
GNAS,194,HF.1,HF
GNAS,195,HF.2,HF
GNAS,196,HF.3,HF
GNAS,197,HF.4,HF
GNAS,198,HF.5,HF
GNAS,199,HF.6,HF
GNAS,200,hfs2.1,hfs2
GNAS,201,hfs2.2,hfs2
GNAS,202,hfs2.3,hfs2
GNAS,203,hfs2.4,hfs2
GNAS,204,hfs2.5,hfs2
GNAS,205,hfs2.6,hfs2
GNAS,206,hfs2.7,hfs2
GNAS,207,S2.1,S2
GNAS,208,S2.2,S2
GNAS,209,S2.3,S2
GNAS,210,S2.4,S2
GNAS,211,S2.5,S2
GNAS,212,S2.6,S2
GNAS,213,S2.7,S2
GNAS,214,S2.8,S2
GNAS,215,s2s3.1,s2s3
GNAS,216,s2s3.2,s2s3
GNAS,217,S3.1,S3
GNAS,218,S3.2,S3
GNAS,219,S3.3,S3
GNAS,220,S3.4,S3
GNAS,221,S3.5,S3
GNAS,222,S3.6,S3
GNAS,223,S3.7,S3
GNAS,224,S3.8,S3
GNAS,225,s3h2.1,s3h2
GNAS,226,s3h2.2,s3h2
GNAS,227,s3h2.3,s3h2
GNAS,228,H2.1,H2
GNAS,229,H2.2,H2
GNAS,230,H2.3,H2
GNAS,231,H2.4,H2
GNAS,232,H2.5,H2
GNAS,233,H2.6,H2
GNAS,234,H2.7,H2
GNAS,235,H2.8,H2
GNAS,236,H2.9,H2
GNAS,237,H2.10,H2
GNAS,238,h2s4.1,h2s4
GNAS,239,h2s4.2,h2s4
GNAS,240,h2s4.3,h2s4
GNAS,241,h2s4.4,h2s4
GNAS,242,h2s4.5,h2s4
GNAS,243,S4.1,S4
GNAS,244,S4.2,S4
GNAS,245,S4.3,S4
GNAS,246,S4.4,S4
GNAS,247,S4.5,S4
GNAS,248,S4.6,S4
GNAS,249,S4.7,S4
GNAS,250,s4h3.1,s4h3
GNAS,251,s4h3.2,s4h3
GNAS,252,s4h3.3,s4h3
GNAS,253,s4h3.4,s4h3
GNAS,254,s4h3.5,s4h3
GNAS,255,s4h3.6,s4h3
GNAS,256,s4h3.7,s4h3
GNAS,257,s4h3.8,s4h3
GNAS,258,s4h3.9,s4h3
GNAS,259,s4h3.10,s4h3
GNAS,260,s4h3.11,s4h3
GNAS,261,s4h3.12,s4h3
GNAS,262,s4h3.13,s4h3
GNAS,263,s4h3.14,s4h3
GNAS,264,s4h3.15,s4h3
GNAS,265,H3.1,H3
GNAS,266,H3.2,H3
GNAS,267,H3.3,H3
GNAS,268,H3.4,H3
GNAS,269,H3.5,H3
GNAS,270,H3.6,H3
GNAS,271,H3.7,H3
GNAS,272,H3.8,H3
GNAS,273,H3.9,H3
GNAS,274,H3.10,H3
GNAS,275,H3.11,H3
GNAS,276,H3.12,H3
GNAS,277,H3.13,H3
GNAS,278,H3.14,H3
GNAS,279,H3.15,H3
GNAS,280,H3.16,H3
GNAS,281,H3.17,H3
GNAS,282,H3.18,H3
GNAS,283,h3s5.1,h3s5
GNAS,284,h3s5.2,h3s5
GNAS,285,h3s5.3,h3s5
GNAS,286,S5.1,S5
GNAS,287,S5.2,S5
GNAS,288,S5.3,S5
GNAS,289,S5.4,S5
GNAS,290,S5.5,S5
GNAS,291,S5.6,S5
GNAS,292,S5.7,S5
GNAS,293,s5hg.1,s5hg
GNAS,294,HG.1,HG
GNAS,295,HG.2,HG
GNAS,296,HG.3,HG
GNAS,297,HG.4,HG
GNAS,298,HG.5,HG
GNAS,299,HG.6,HG
GNAS,300,HG.7,HG
GNAS,301,HG.8,HG
GNAS,302,HG.9,HG
GNAS,303,HG.10,HG
GNAS,304,HG.11,HG
GNAS,305,HG.12,HG
GNAS,306,HG.13,HG
GNAS,307,HG.14,HG
GNAS,308,HG.15,HG
GNAS,309,HG.16,HG
GNAS,310,HG.17,HG
GNAS,311,hgh4.1,hgh4
GNAS,312,hgh4.2,hgh4
GNAS,313,hgh4.3,hgh4
GNAS,314,hgh4.4,hgh4
GNAS,315,hgh4.5,hgh4
GNAS,316,hgh4.6,hgh4
GNAS,317,hgh4.7,hgh4
GNAS,318,hgh4.8,hgh4
GNAS,319,hgh4.9,hgh4
GNAS,320,hgh4.10,hgh4
GNAS,321,H4.1,H4
GNAS,322,H4.2,H4
GNAS,323,H4.3,H4
GNAS,324,H4.4,H4
GNAS,325,H4.5,H4
GNAS,326,H4.6,H4
GNAS,327,H4.7,H4
GNAS,328,H4.8,H4
GNAS,329,H4.9,H4
GNAS,330,H4.10,H4
GNAS,331,H4.11,H4
GNAS,332,H4.12,H4
GNAS,333,H4.13,H4
GNAS,334,H4.14,H4
GNAS,335,H4.15,H4
GNAS,336,H4.16,H4
GNAS,337,H4.17,H4
GNAS,338,H4.18,H4
GNAS,339,H4.19,H4
GNAS,340,H4.20,H4
GNAS,341,H4.21,H4
GNAS,342,H4.22,H4
GNAS,343,H4.23,H4
GNAS,344,H4.24,H4
GNAS,345,H4.25,H4
GNAS,346,H4.26,H4
GNAS,347,H4.27,H4
GNAS,348,h4s6.1,h4s6
GNAS,349,h4s6.2,h4s6
GNAS,350,h4s6.3,h4s6
GNAS,351,h4s6.4,h4s6
GNAS,352,h4s6.8,h4s6
GNAS,353,h4s6.9,h4s6
GNAS,354,h4s6.10,h4s6
GNAS,355,h4s6.11,h4s6
GNAS,356,h4s6.12,h4s6
GNAS,357,h4s6.13,h4s6
GNAS,358,h4s6.20,h4s6
GNAS,359,S6.1,S6
GNAS,360,S6.2,S6
GNAS,361,S6.3,S6
GNAS,362,S6.4,S6
GNAS,363,S6.5,S6
GNAS,364,s6h5.1,s6h5
GNAS,365,s6h5.2,s6h5
GNAS,366,s6h5.3,s6h5
GNAS,367,s6h5.4,s6h5
GNAS,368,s6h5.5,s6h5
GNAS,369,H5.1,H5
GNAS,370,H5.2,H5
GNAS,371,H5.3,H5
GNAS,372,H5.4,H5
GNAS,373,H5.5,H5
GNAS,374,H5.6,H5
GNAS,375,H5.7,H5
GNAS,376,H5.8,H5
GNAS,377,H5.9,H5
GNAS,378,H5.10,H5
GNAS,379,H5.11,H5
GNAS,380,H5.12,H5
GNAS,381,H5.13,H5
GNAS,382,H5.14,H5
GNAS,383,H5.15,H5
GNAS,384,H5.16,H5
GNAS,385,H5.17,H5
GNAS,386,H5.18,H5
GNAS,387,H5.19,H5
GNAS,388,H5.20,H5
GNAS,389,H5.21,H5
GNAS,390,H5.22,H5
GNAS,391,H5.23,H5
GNAS,392,H5.24,H5
GNAS,393,H5.25,H5
GNAS,394,H5.26,H5
GNAZ,1,HN.1,HN
GNAZ,2,HN.2,HN
GNAZ,3,HN.9,HN
GNAZ,4,HN.10,HN
GNAZ,5,HN.11,HN
GNAZ,6,HN.30,HN
GNAZ,7,HN.31,HN
GNAZ,8,HN.32,HN
GNAZ,9,HN.33,HN
GNAZ,10,HN.34,HN
GNAZ,11,HN.35,HN
GNAZ,12,HN.36,HN
GNAZ,13,HN.37,HN
GNAZ,14,HN.38,HN
GNAZ,15,HN.39,HN
GNAZ,16,HN.40,HN
GNAZ,17,HN.41,HN
GNAZ,18,HN.42,HN
GNAZ,19,HN.43,HN
GNAZ,20,HN.44,HN
GNAZ,21,HN.45,HN
GNAZ,22,HN.46,HN
GNAZ,23,HN.47,HN
GNAZ,24,HN.48,HN
GNAZ,25,HN.49,HN
GNAZ,26,HN.50,HN
GNAZ,27,HN.51,HN
GNAZ,28,HN.52,HN
GNAZ,29,HN.53,HN
GNAZ,30,hns1.1,hns1
GNAZ,31,hns1.2,hns1
GNAZ,32,hns1.3,hns1
GNAZ,33,S1.1,S1
GNAZ,34,S1.2,S1
GNAZ,35,S1.3,S1
GNAZ,36,S1.4,S1
GNAZ,37,S1.5,S1
GNAZ,38,S1.6,S1
GNAZ,39,S1.7,S1
GNAZ,40,s1h1.1,s1h1
GNAZ,41,s1h1.2,s1h1
GNAZ,42,s1h1.3,s1h1
GNAZ,43,s1h1.4,s1h1
GNAZ,44,s1h1.5,s1h1
GNAZ,45,s1h1.6,s1h1
GNAZ,46,H1.1,H1
GNAZ,47,H1.2,H1
GNAZ,48,H1.3,H1
GNAZ,49,H1.4,H1
GNAZ,50,H1.5,H1
GNAZ,51,H1.6,H1
GNAZ,52,H1.7,H1
GNAZ,53,H1.8,H1
GNAZ,54,H1.9,H1
GNAZ,55,H1.10,H1
GNAZ,56,H1.11,H1
GNAZ,57,H1.12,H1
GNAZ,58,h1ha.1,h1ha
GNAZ,59,h1ha.2,h1ha
GNAZ,60,h1ha.3,h1ha
GNAZ,61,h1ha.4,h1ha
GNAZ,62,h1ha.5,h1ha
GNAZ,63,HA.1,HA
GNAZ,64,HA.2,HA
GNAZ,65,HA.3,HA
GNAZ,66,HA.4,HA
GNAZ,67,HA.5,HA
GNAZ,68,HA.6,HA
GNAZ,69,HA.7,HA
GNAZ,70,HA.8,HA
GNAZ,71,HA.9,HA
GNAZ,72,HA.10,HA
GNAZ,73,HA.11,HA
GNAZ,74,HA.12,HA
GNAZ,75,HA.13,HA
GNAZ,76,HA.14,HA
GNAZ,77,HA.15,HA
GNAZ,78,HA.16,HA
GNAZ,79,HA.17,HA
GNAZ,80,HA.18,HA
GNAZ,81,HA.19,HA
GNAZ,82,HA.20,HA
GNAZ,83,HA.21,HA
GNAZ,84,HA.22,HA
GNAZ,85,HA.23,HA
GNAZ,86,HA.24,HA
GNAZ,87,HA.25,HA
GNAZ,88,HA.26,HA
GNAZ,89,HA.27,HA
GNAZ,90,HA.28,HA
GNAZ,91,HA.29,HA
GNAZ,92,hahb.1,hahb
GNAZ,93,hahb.4,hahb
GNAZ,94,hahb.5,hahb
GNAZ,95,hahb.6,hahb
GNAZ,96,hahb.7,hahb
GNAZ,97,hahb.8,hahb
GNAZ,98,hahb.9,hahb
GNAZ,99,HB.1,HB
GNAZ,100,HB.2,HB
GNAZ,101,HB.3,HB
GNAZ,102,HB.4,HB
GNAZ,103,HB.5,HB
GNAZ,104,HB.6,HB
GNAZ,105,HB.7,HB
GNAZ,106,HB.8,HB
GNAZ,107,HB.9,HB
GNAZ,108,HB.10,HB
GNAZ,109,HB.11,HB
GNAZ,110,HB.12,HB
GNAZ,111,HB.13,HB
GNAZ,112,HB.14,HB
GNAZ,113,hbhc.1,hbhc
GNAZ,114,hbhc.2,hbhc
GNAZ,115,hbhc.3,hbhc
GNAZ,116,hbhc.4,hbhc
GNAZ,117,hbhc.5,hbhc
GNAZ,118,hbhc.12,hbhc
GNAZ,119,hbhc.13,hbhc
GNAZ,120,hbhc.14,hbhc
GNAZ,121,hbhc.15,hbhc
GNAZ,122,HC.1,HC
GNAZ,123,HC.2,HC
GNAZ,124,HC.3,HC
GNAZ,125,HC.4,HC
GNAZ,126,HC.5,HC
GNAZ,127,HC.6,HC
GNAZ,128,HC.7,HC
GNAZ,129,HC.8,HC
GNAZ,130,HC.9,HC
GNAZ,131,HC.10,HC
GNAZ,132,HC.11,HC
GNAZ,133,HC.12,HC
GNAZ,134,hchd.1,hchd
GNAZ,135,HD.1,HD
GNAZ,136,HD.2,HD
GNAZ,137,HD.3,HD
GNAZ,138,HD.4,HD
GNAZ,139,HD.5,HD
GNAZ,140,HD.6,HD
GNAZ,141,HD.7,HD
GNAZ,142,HD.8,HD
GNAZ,143,HD.9,HD
GNAZ,144,HD.10,HD
GNAZ,145,HD.11,HD
GNAZ,146,HD.12,HD
GNAZ,147,hdhe.1,hdhe
GNAZ,148,hdhe.2,hdhe
GNAZ,149,hdhe.3,hdhe
GNAZ,150,hdhe.4,hdhe
GNAZ,151,hdhe.5,hdhe
GNAZ,152,HE.1,HE
GNAZ,153,HE.2,HE
GNAZ,154,HE.3,HE
GNAZ,155,HE.4,HE
GNAZ,156,HE.5,HE
GNAZ,157,HE.6,HE
GNAZ,158,HE.7,HE
GNAZ,159,HE.8,HE
GNAZ,160,HE.9,HE
GNAZ,161,HE.10,HE
GNAZ,162,HE.11,HE
GNAZ,163,HE.12,HE
GNAZ,164,HE.13,HE
GNAZ,165,hehf.1,hehf
GNAZ,166,hehf.2,hehf
GNAZ,167,hehf.3,hehf
GNAZ,168,hehf.4,hehf
GNAZ,169,hehf.5,hehf
GNAZ,170,hehf.6,hehf
GNAZ,171,hehf.7,hehf
GNAZ,172,HF.1,HF
GNAZ,173,HF.2,HF
GNAZ,174,HF.3,HF
GNAZ,175,HF.4,HF
GNAZ,176,HF.5,HF
GNAZ,177,HF.6,HF
GNAZ,178,hfs2.1,hfs2
GNAZ,179,hfs2.2,hfs2
GNAZ,180,hfs2.3,hfs2
GNAZ,181,hfs2.4,hfs2
GNAZ,182,hfs2.5,hfs2
GNAZ,183,hfs2.6,hfs2
GNAZ,184,hfs2.7,hfs2
GNAZ,185,S2.1,S2
GNAZ,186,S2.2,S2
GNAZ,187,S2.3,S2
GNAZ,188,S2.4,S2
GNAZ,189,S2.5,S2
GNAZ,190,S2.6,S2
GNAZ,191,S2.7,S2
GNAZ,192,S2.8,S2
GNAZ,193,s2s3.1,s2s3
GNAZ,194,s2s3.2,s2s3
GNAZ,195,S3.1,S3
GNAZ,196,S3.2,S3
GNAZ,197,S3.3,S3
GNAZ,198,S3.4,S3
GNAZ,199,S3.5,S3
GNAZ,200,S3.6,S3
GNAZ,201,S3.7,S3
GNAZ,202,S3.8,S3
GNAZ,203,s3h2.1,s3h2
GNAZ,204,s3h2.2,s3h2
GNAZ,205,s3h2.3,s3h2
GNAZ,206,H2.1,H2
GNAZ,207,H2.2,H2
GNAZ,208,H2.3,H2
GNAZ,209,H2.4,H2
GNAZ,210,H2.5,H2
GNAZ,211,H2.6,H2
GNAZ,212,H2.7,H2
GNAZ,213,H2.8,H2
GNAZ,214,H2.9,H2
GNAZ,215,H2.10,H2
GNAZ,216,h2s4.1,h2s4
GNAZ,217,h2s4.2,h2s4
GNAZ,218,h2s4.3,h2s4
GNAZ,219,h2s4.4,h2s4
GNAZ,220,h2s4.5,h2s4
GNAZ,221,S4.1,S4
GNAZ,222,S4.2,S4
GNAZ,223,S4.3,S4
GNAZ,224,S4.4,S4
GNAZ,225,S4.5,S4
GNAZ,226,S4.6,S4
GNAZ,227,S4.7,S4
GNAZ,228,s4h3.1,s4h3
GNAZ,229,s4h3.2,s4h3
GNAZ,230,s4h3.3,s4h3
GNAZ,231,s4h3.4,s4h3
GNAZ,232,s4h3.5,s4h3
GNAZ,233,s4h3.6,s4h3
GNAZ,234,s4h3.7,s4h3
GNAZ,235,s4h3.8,s4h3
GNAZ,236,s4h3.9,s4h3
GNAZ,237,s4h3.10,s4h3
GNAZ,238,s4h3.11,s4h3
GNAZ,239,s4h3.12,s4h3
GNAZ,240,s4h3.13,s4h3
GNAZ,241,s4h3.14,s4h3
GNAZ,242,s4h3.15,s4h3
GNAZ,243,H3.1,H3
GNAZ,244,H3.2,H3
GNAZ,245,H3.3,H3
GNAZ,246,H3.4,H3
GNAZ,247,H3.5,H3
GNAZ,248,H3.6,H3
GNAZ,249,H3.7,H3
GNAZ,250,H3.8,H3
GNAZ,251,H3.9,H3
GNAZ,252,H3.10,H3
GNAZ,253,H3.11,H3
GNAZ,254,H3.12,H3
GNAZ,255,H3.13,H3
GNAZ,256,H3.14,H3
GNAZ,257,H3.15,H3
GNAZ,258,H3.16,H3
GNAZ,259,H3.17,H3
GNAZ,260,H3.18,H3
GNAZ,261,h3s5.1,h3s5
GNAZ,262,h3s5.2,h3s5
GNAZ,263,h3s5.3,h3s5
GNAZ,264,S5.1,S5
GNAZ,265,S5.2,S5
GNAZ,266,S5.3,S5
GNAZ,267,S5.4,S5
GNAZ,268,S5.5,S5
GNAZ,269,S5.6,S5
GNAZ,270,S5.7,S5
GNAZ,271,s5hg.1,s5hg
GNAZ,272,HG.1,HG
GNAZ,273,HG.2,HG
GNAZ,274,HG.3,HG
GNAZ,275,HG.4,HG
GNAZ,276,HG.5,HG
GNAZ,277,HG.6,HG
GNAZ,278,HG.7,HG
GNAZ,279,HG.8,HG
GNAZ,280,HG.9,HG
GNAZ,281,HG.12,HG
GNAZ,282,HG.13,HG
GNAZ,283,HG.14,HG
GNAZ,284,HG.15,HG
GNAZ,285,HG.16,HG
GNAZ,286,HG.17,HG
GNAZ,287,hgh4.1,hgh4
GNAZ,288,hgh4.2,hgh4
GNAZ,289,hgh4.3,hgh4
GNAZ,290,hgh4.4,hgh4
GNAZ,291,hgh4.5,hgh4
GNAZ,292,hgh4.6,hgh4
GNAZ,293,hgh4.7,hgh4
GNAZ,294,hgh4.8,hgh4
GNAZ,295,hgh4.9,hgh4
GNAZ,296,hgh4.10,hgh4
GNAZ,297,H4.1,H4
GNAZ,298,H4.2,H4
GNAZ,299,H4.3,H4
GNAZ,300,H4.4,H4
GNAZ,301,H4.5,H4
GNAZ,302,H4.6,H4
GNAZ,303,H4.20,H4
GNAZ,304,H4.21,H4
GNAZ,305,H4.22,H4
GNAZ,306,H4.23,H4
GNAZ,307,H4.24,H4
GNAZ,308,H4.25,H4
GNAZ,309,H4.26,H4
GNAZ,310,H4.27,H4
GNAZ,311,h4s6.1,h4s6
GNAZ,312,h4s6.2,h4s6
GNAZ,313,h4s6.3,h4s6
GNAZ,314,h4s6.4,h4s6
GNAZ,315,h4s6.8,h4s6
GNAZ,316,h4s6.9,h4s6
GNAZ,317,h4s6.10,h4s6
GNAZ,318,h4s6.11,h4s6
GNAZ,319,h4s6.12,h4s6
GNAZ,320,S6.1,S6
GNAZ,321,S6.2,S6
GNAZ,322,S6.3,S6
GNAZ,323,S6.4,S6
GNAZ,324,S6.5,S6
GNAZ,325,s6h5.1,s6h5
GNAZ,326,s6h5.2,s6h5
GNAZ,327,s6h5.3,s6h5
GNAZ,328,s6h5.4,s6h5
GNAZ,329,s6h5.5,s6h5
GNAZ,330,H5.1,H5
GNAZ,331,H5.2,H5
GNAZ,332,H5.3,H5
GNAZ,333,H5.4,H5
GNAZ,334,H5.5,H5
GNAZ,335,H5.6,H5
GNAZ,336,H5.7,H5
GNAZ,337,H5.8,H5
GNAZ,338,H5.9,H5
GNAZ,339,H5.10,H5
GNAZ,340,H5.11,H5
GNAZ,341,H5.12,H5
GNAZ,342,H5.13,H5
GNAZ,343,H5.14,H5
GNAZ,344,H5.15,H5
GNAZ,345,H5.16,H5
GNAZ,346,H5.17,H5
GNAZ,347,H5.18,H5
GNAZ,348,H5.19,H5
GNAZ,349,H5.20,H5
GNAZ,350,H5.21,H5
GNAZ,351,H5.22,H5
GNAZ,352,H5.23,H5
GNAZ,353,H5.24,H5
GNAZ,354,H5.25,H5
GNAZ,355,H5.26,H5
